[{"model": "auth.user", "pk": 1, "fields": {"password": "pbkdf2_sha256$260000$owp9LyjUepTIi0eOtt0WAn$r8lTFx6S4QW+qMrQltucgMMGmkYRmFBSto5aPRR4818=", "last_login": "2022-05-12T12:22:34.159Z", "is_superuser": true, "username": "ra", "first_name": "", "last_name": "", "email": "", "is_staff": true, "is_active": true, "date_joined": "2022-04-08T11:28:07.317Z", "groups": [], "user_permissions": []}}, {"model": "auth.user", "pk": 2, "fields": {"password": "pbkdf2_sha256$260000$2p3LxSOq7tpEsJX8IbCY0I$WpU6bX5HvJFjVKEbp8+yY0bKVKzEPiKbBY7vVewBbTE=", "last_login": "2022-04-28T10:02:54.598Z", "is_superuser": false, "username": "aliramshid@gmail.com", "first_name": "", "last_name": "", "email": "aliramshid@gmail.com", "is_staff": false, "is_active": true, "date_joined": "2022-04-11T10:29:45.763Z", "groups": [1], "user_permissions": []}}, {"model": "auth.user", "pk": 3, "fields": {"password": "pbkdf2_sha256$260000$HPGjkSYAY0mPevJjaA50d1$KASIFT8xKK0iXQf4y3zJ9vi/rr9iDpZrbuaruyoD4Ds=", "last_login": "2022-04-13T04:17:13.863Z", "is_superuser": false, "username": "fayiz@gmail.com", "first_name": "", "last_name": "", "email": "fayiz@gmail.com", "is_staff": false, "is_active": true, "date_joined": "2022-04-13T04:17:12.966Z", "groups": [1], "user_permissions": []}}, {"model": "auth.user", "pk": 4, "fields": {"password": "pbkdf2_sha256$260000$jheb9tMrhztzBwHqbmpVY6$dMCJW0C3E+jI/OeBZ27+embR6J3ucuot9Eri7eJR+SY=", "last_login": "2022-04-13T04:18:48.855Z", "is_superuser": false, "username": "adharsh@gmail.com", "first_name": "", "last_name": "", "email": "adharsh@gmail.com", "is_staff": false, "is_active": true, "date_joined": "2022-04-13T04:18:48.144Z", "groups": [1], "user_permissions": []}}, {"model": "auth.user", "pk": 5, "fields": {"password": "pbkdf2_sha256$260000$FWUTAaLZEIyuZwfnTDwCsB$5zcQqhKfUmt+sJN8OyqEvD5W912hegYCf6aYA0r/QSQ=", "last_login": "2022-04-13T04:49:31.981Z", "is_superuser": false, "username": "shibin989@gmail.com", "first_name": "", "last_name": "", "email": "shibin989@gmail.com", "is_staff": false, "is_active": true, "date_joined": "2022-04-13T04:49:31.275Z", "groups": [1], "user_permissions": []}}, {"model": "auth.user", "pk": 6, "fields": {"password": "pbkdf2_sha256$260000$QjbN5aEzxDqQiO3QaCgbdh$BJrKr7FU86viztS5B/8yKcz/C4gBKSRDdwvvQuz2pWc=", "last_login": "2022-05-12T05:12:21.293Z", "is_superuser": false, "username": "navaneeth@tegain.com", "first_name": "", "last_name": "", "email": "navaneeth@tegain.com", "is_staff": false, "is_active": true, "date_joined": "2022-04-27T08:53:49.000Z", "groups": [1], "user_permissions": []}}, {"model": "auth.user", "pk": 7, "fields": {"password": "pbkdf2_sha256$260000$moeqVwJFrCmrJlHuSOJf6W$t9XiAKPkLTHCHnMxILDFkOoNfgFxJ0nPeMa9pctV0eU=", "last_login": "2022-05-09T07:30:14.472Z", "is_superuser": false, "username": "najah@tegain.com", "first_name": "", "last_name": "", "email": "najah@tegain.com", "is_staff": false, "is_active": true, "date_joined": "2022-05-09T07:30:14.025Z", "groups": [1], "user_permissions": []}}, {"model": "auth.user", "pk": 8, "fields": {"password": "pbkdf2_sha256$260000$EGFrCwtkSM86FUTjnFMBT2$qwupqhUHF7DZpvguI3/FSyb/7GqQymIha5lw2e63Mj8=", "last_login": "2022-05-17T12:12:42.007Z", "is_superuser": false, "username": "fayis@tegain.com", "first_name": "", "last_name": "", "email": "fayis@tegain.com", "is_staff": false, "is_active": true, "date_joined": "2022-05-17T12:12:41.325Z", "groups": [1], "user_permissions": []}}, {"model": "auth.group", "pk": 1, "fields": {"name": "customer_user", "permissions": []}}, {"model": "customers.otprecords", "pk": "0518d77f-812a-4bbf-924f-0fc848880009", "fields": {"phone": "9544334756", "otp": "1675", "attempts": 1}}, {"model": "customers.otprecords", "pk": "11cf52e7-9c31-4435-ad3e-b1c198d646a5", "fields": {"phone": "7894561231", "otp": "7926", "attempts": 1}}, {"model": "customers.otprecords", "pk": "187e8e4b-8be0-4c7b-bd22-035c7d70bce8", "fields": {"phone": "8592057337", "otp": "6365", "attempts": 1}}, {"model": "customers.otprecords", "pk": "356dda2a-e03b-4b64-95fe-205ac38cc32e", "fields": {"phone": "1111111111", "otp": "0430", "attempts": 1}}, {"model": "customers.otprecords", "pk": "4ce2baa7-7f3c-49b1-b6a4-574081d2273a", "fields": {"phone": "9999999999", "otp": "5687", "attempts": 1}}, {"model": "customers.otprecords", "pk": "5b6b4696-5324-4da8-83f3-b74375c77d91", "fields": {"phone": "7894561233", "otp": "6011", "attempts": 1}}, {"model": "customers.otprecords", "pk": "6b67a02c-c128-463a-aacf-89053b2bd317", "fields": {"phone": "6363636363", "otp": "8979", "attempts": 1}}, {"model": "customers.otprecords", "pk": "91b46862-a6ce-4702-9aa0-b0118b1fb491", "fields": {"phone": "8111820995", "otp": "1959", "attempts": 1}}, {"model": "customers.otprecords", "pk": "c0fca9de-9c20-4338-9df2-803f40ae10e1", "fields": {"phone": "7894561232", "otp": "0791", "attempts": 1}}, {"model": "customers.otprecords", "pk": "cc83926f-1919-4fd9-a847-83199a9ac953", "fields": {"phone": "6380728371", "otp": "8740", "attempts": 1}}, {"model": "customers.otprecords", "pk": "d811efc2-53fe-4b2f-9ce9-cc5faf43b86a", "fields": {"phone": "7907254388", "otp": "0854", "attempts": 1}}, {"model": "customers.otprecords", "pk": "de4f76a6-4a25-4647-965c-3b7fda24baa3", "fields": {"phone": "8888888888", "otp": "5800", "attempts": 1}}, {"model": "customers.otprecords", "pk": "e79c9236-2abe-4e7a-bf48-886c01970a46", "fields": {"phone": "9072102340", "otp": "3958", "attempts": 1}}, {"model": "customers.otprecords", "pk": "eecd18c5-c38b-4b6c-938a-0ffddf2d857c", "fields": {"phone": "6238173535", "otp": "8047", "attempts": 1}}, {"model": "customers.otpemailrecords", "pk": "2e23c2d6-10c4-44cf-8930-3eafd7e4bb08", "fields": {"email": "aliramshid@gmil.com", "otp": "4667", "attempts": 1}}, {"model": "customers.otpemailrecords", "pk": "646e0991-0077-4494-9848-03b4696b31c1", "fields": {"email": "aliramshid@gmail.com", "otp": "9903", "attempts": 1}}, {"model": "customers.customer", "pk": "089010ef-a499-4baf-a24b-f960c1e387a8", "fields": {"auto_id": 3, "creator": 4, "updater": 4, "date_added": "2022-04-13T04:18:48.506Z", "date_updated": "2022-04-13T04:18:48.506Z", "is_deleted": false, "user": 4, "password": "gAAAAABiVk8o8NSgznDF4ZmrUDzVlIkJvT18s5a_IdWZFfUXb7qCzWAtqB_9J8DhHC2fA9tTtvSLwoRlxbr4x3waTQC4lGtmfw==", "phone": "9999999999", "name": "adharsh", "email": "adharsh@gmail.com", "gender": "10"}}, {"model": "customers.customer", "pk": "2585810c-6bad-4036-a132-b915195e1013", "fields": {"auto_id": 4, "creator": 5, "updater": 5, "date_added": "2022-04-13T04:49:31.632Z", "date_updated": "2022-04-13T04:49:31.632Z", "is_deleted": false, "user": 5, "password": "gAAAAABiVlZbSrXf147r_y771IYygtcKJyf8wWBn9-CDfC__ZyIasEWTt8r7OpVBq7DYR-C1LkmHhWz2g0YfTdTkBwupSXInKw==", "phone": "7894561232", "name": "Shibin k", "email": "shibin989@gmail.com", "gender": "10"}}, {"model": "customers.customer", "pk": "4f34b2ae-b67d-4539-a085-72ba8e3a47ee", "fields": {"auto_id": 6, "creator": 7, "updater": 7, "date_added": "2022-05-09T07:30:14.251Z", "date_updated": "2022-05-09T07:30:14.251Z", "is_deleted": false, "user": 7, "password": "gAAAAABieMMG22kpUYMPAgQGdmCV5fedCIiCzHiHvN5Cfo-dZNzRhkV9aNQPzUTNh2jJ4XQb8-eQgEyABkDP0l7ScmbJ-1nuGQ==", "phone": "6238173535", "name": "Najah", "email": "najah@tegain.com", "gender": "10"}}, {"model": "customers.customer", "pk": "a133cb63-9138-493e-bbaf-f388e579935d", "fields": {"auto_id": 5, "creator": 6, "updater": 6, "date_added": "2022-04-27T08:53:49.241Z", "date_updated": "2022-04-27T08:53:49.241Z", "is_deleted": false, "user": 6, "password": "gAAAAABiaQSduyojiYzGp0HB_yb78x2ca9YsOI4M5DYqAJG4rKVxytuJJ5VD1VvfWnryx_WRo8nJZNz5ZgrxBJA1opHrcuIPrg==", "phone": "6380728371", "name": "navaneethkrishnaindeed", "email": "navaneeth@tegain.com", "gender": "10"}}, {"model": "customers.customer", "pk": "b93df729-e69b-4876-ad53-899639c5c0ac", "fields": {"auto_id": 1, "creator": 2, "updater": 2, "date_added": "2022-04-11T10:29:46.318Z", "date_updated": "2022-04-11T10:29:46.318Z", "is_deleted": false, "user": 2, "password": "gAAAAABiamY_M7yyhias63zdzhw5a6avCe7tgwXfQh7408iP4mqLsTFCslDFSoaP3b7NbJc8Y2upfwi1GP4UsCJCDAkbSL7r-g==", "phone": "9544334756", "name": "ramshid", "email": "aliramshid@gmail.com", "gender": "10"}}, {"model": "customers.customer", "pk": "edbbd705-5921-4898-8b5a-7a2e0ed16215", "fields": {"auto_id": 2, "creator": 3, "updater": 3, "date_added": "2022-04-13T04:17:13.493Z", "date_updated": "2022-04-13T04:17:13.493Z", "is_deleted": false, "user": 3, "password": "gAAAAABiVk7JNZgUeNThWN2ivaKdK61idtQWlQzn-DqEsplV7IwtuhENZbsUfSlsA3X7WLXaNhsf_Gtz8w-JCUekQtggxprzWw==", "phone": "6363636363", "name": "fayiz", "email": "fayiz@gmail.com", "gender": "10"}}, {"model": "customers.customer", "pk": "edd97071-4234-4c7f-b926-8a8cd7a17d9c", "fields": {"auto_id": 7, "creator": 8, "updater": 8, "date_added": "2022-05-17T12:12:41.740Z", "date_updated": "2022-05-17T12:12:41.740Z", "is_deleted": false, "user": 8, "password": "gAAAAABig5E5-ayGagAqU1jhuGbE-O6WXsbJKUtNYlATx8bcnosVd3IwrMHu7ejyeqIhp1wXt5mbV0gZuvtSeuU5yyKmFINfqg==", "phone": "8592057337", "name": "fayis", "email": "fayis@tegain.com", "gender": "10"}}, {"model": "customers.customeraddress", "pk": "3dd7691b-bcfe-4221-a7db-7b1dd6874c1f", "fields": {"auto_id": 1, "creator": 2, "updater": 2, "date_added": "2022-04-19T10:16:32.226Z", "date_updated": "2022-04-19T10:16:32.226Z", "is_deleted": false, "customer": "b93df729-e69b-4876-ad53-899639c5c0ac", "location": null, "name": "ramshid", "phone": "9544334756", "pincode": 673586, "locality": "adivaram", "address": "kanalaukunnu", "city": "calicut", "state": "karala"}}, {"model": "customers.customeraddress", "pk": "b9cd34b0-f34d-436a-9c23-3448eb276ff7", "fields": {"auto_id": 3, "creator": 8, "updater": 8, "date_added": "2022-05-17T12:13:42.860Z", "date_updated": "2022-05-17T12:13:42.860Z", "is_deleted": false, "customer": "edd97071-4234-4c7f-b926-8a8cd7a17d9c", "location": null, "name": "fayis", "phone": "8592057337", "pincode": 673586, "locality": "Edappal", "address": "fhgvgbn  fgjn  uiljk, saetgc", "city": "Malappuram", "state": "Kerala"}}, {"model": "customers.customeraddress", "pk": "ebd8c166-c2ad-4a37-934d-753c65fb2645", "fields": {"auto_id": 2, "creator": 6, "updater": 6, "date_added": "2022-05-12T05:18:35.569Z", "date_updated": "2022-05-12T05:18:35.569Z", "is_deleted": false, "customer": "a133cb63-9138-493e-bbaf-f388e579935d", "location": null, "name": "navaneeth", "phone": "6380728371", "pincode": 683544, "locality": "mag", "address": "djlfndlsjnfkdsn;fojsd;fnsdh[oufsd.", "city": "ernkulam", "state": "kerala"}}, {"model": "customers.whishlistitem", "pk": "4f4c0c01-5b77-4823-b775-e7c1b22cc886", "fields": {"customer": "a133cb63-9138-493e-bbaf-f388e579935d", "product": "419591eb-2e51-42d8-84d7-a1903a20dd23"}}, {"model": "customers.whishlistitem", "pk": "53fbfce4-6bcc-449f-94e1-79bc9cb7d7a8", "fields": {"customer": "a133cb63-9138-493e-bbaf-f388e579935d", "product": "ef3ae50c-3aee-4091-b6c3-d53314be3e14"}}, {"model": "customers.whishlistitem", "pk": "6fb8f6bc-b773-453f-bde1-7849ca07d6c9", "fields": {"customer": "a133cb63-9138-493e-bbaf-f388e579935d", "product": "7b0b6006-c6a5-444d-8734-fbd8a10be9c6"}}, {"model": "customers.whishlistitem", "pk": "7dd49592-2b37-421a-98c8-98760518e355", "fields": {"customer": "4f34b2ae-b67d-4539-a085-72ba8e3a47ee", "product": "a75abcbb-9196-4e55-a498-58f1673478cf"}}, {"model": "customers.whishlistitem", "pk": "88f86ac2-680c-4e2e-86a6-67b52b608aaf", "fields": {"customer": "4f34b2ae-b67d-4539-a085-72ba8e3a47ee", "product": "2df2fddc-a270-48df-bbce-c0e81ff20970"}}, {"model": "customers.whishlistitem", "pk": "8d77877d-2619-4f40-9803-513ba8e243e5", "fields": {"customer": "b93df729-e69b-4876-ad53-899639c5c0ac", "product": "ef3ae50c-3aee-4091-b6c3-d53314be3e14"}}, {"model": "customers.whishlistitem", "pk": "98e07b7e-0cd8-4687-b858-e1bc3a190316", "fields": {"customer": "a133cb63-9138-493e-bbaf-f388e579935d", "product": "f1c4d6c2-1214-4926-979a-44a80ea665b3"}}, {"model": "customers.whishlistitem", "pk": "c15246fa-61eb-45c3-8601-0eae6a99f2de", "fields": {"customer": "edd97071-4234-4c7f-b926-8a8cd7a17d9c", "product": "2df2fddc-a270-48df-bbce-c0e81ff20970"}}, {"model": "customers.whishlistitem", "pk": "ff1620de-4cb2-4d98-b0ba-199a25b12e3b", "fields": {"customer": "4f34b2ae-b67d-4539-a085-72ba8e3a47ee", "product": "04f71a23-9920-41cf-82cb-daaa96a06dec"}}, {"model": "customers.cartitem", "pk": "a466216a-1760-4920-9d5e-ef6aceaadb14", "fields": {"auto_id": 3, "creator": 8, "updater": 8, "date_added": "2022-05-17T12:12:48.597Z", "date_updated": "2022-05-17T12:12:48.597Z", "is_deleted": false, "customer": "edd97071-4234-4c7f-b926-8a8cd7a17d9c", "product_varient": "7b7002d8-f371-45a5-95fc-d221d9baa660", "qty": 1, "unit_price": "1100.00"}}, {"model": "customers.cartitem", "pk": "a7f041c3-479e-4ee5-816e-3fda32286649", "fields": {"auto_id": 1, "creator": 6, "updater": 6, "date_added": "2022-05-12T11:51:49.146Z", "date_updated": "2022-05-12T11:51:49.147Z", "is_deleted": false, "customer": "a133cb63-9138-493e-bbaf-f388e579935d", "product_varient": "89deba39-7c44-48fa-b1cb-9c0328f334d5", "qty": 1, "unit_price": "899.00"}}, {"model": "customers.customerreview", "pk": "2f17d517-2f46-432a-b3f1-232907aed180", "fields": {"auto_id": 1, "creator": 2, "updater": 2, "date_added": "2022-04-19T12:07:00.335Z", "date_updated": "2022-04-19T12:07:00.336Z", "is_deleted": false, "customer": "b93df729-e69b-4876-ad53-899639c5c0ac", "product": "2df2fddc-a270-48df-bbce-c0e81ff20970", "rating": 4, "review": "2eefd"}}, {"model": "general.location", "pk": "0322b91a-359e-4e01-a1c5-9f79d11161f8", "fields": {"auto_id": 1, "creator": 1, "updater": 1, "date_added": "2022-04-11T10:53:37.754Z", "date_updated": "2022-04-11T10:53:37.754Z", "is_deleted": false, "name": "calicut", "pincode": "673586", "delivery_charge": "0.00", "min_day_of_delivery": 20}}, {"model": "general.location", "pk": "38039608-8147-480e-98f1-696bffea9b06", "fields": {"auto_id": 2, "creator": 1, "updater": 1, "date_added": "2022-04-25T08:12:29.186Z", "date_updated": "2022-04-25T08:12:29.186Z", "is_deleted": false, "name": "kochi", "pincode": "682001", "delivery_charge": "40.00", "min_day_of_delivery": 5}}, {"model": "general.location", "pk": "8f77974b-1705-4a11-ae2e-615e8c9aec45", "fields": {"auto_id": 4, "creator": 1, "updater": 1, "date_added": "2022-05-11T05:15:59.206Z", "date_updated": "2022-05-11T05:15:59.206Z", "is_deleted": false, "name": "koovappady", "pincode": "683544", "delivery_charge": "30.00", "min_day_of_delivery": 18}}, {"model": "general.location", "pk": "e2be007b-064c-40ff-a5c4-afb000f968e2", "fields": {"auto_id": 3, "creator": 1, "updater": 1, "date_added": "2022-04-25T08:12:52.492Z", "date_updated": "2022-04-25T08:12:52.492Z", "is_deleted": false, "name": "Trivandram", "pincode": "679448", "delivery_charge": "50.00", "min_day_of_delivery": 8}}, {"model": "offers.offers", "pk": "4e3c6a57-6c3f-4984-bbe3-732b3d743278", "fields": {"auto_id": 1, "creator": 1, "updater": 1, "date_added": "2022-04-19T12:14:07.960Z", "date_updated": "2022-04-19T12:15:48.913Z", "is_deleted": false, "product": "db9292f4-b8c7-4bd8-bc84-08c15c3b4931", "from_date": "2022-04-19", "to_date": "2022-04-20", "offer_price": "0.00"}}, {"model": "orders.tempaddress", "pk": 1, "fields": {"customer": "b93df729-e69b-4876-ad53-899639c5c0ac", "address": "3dd7691b-bcfe-4221-a7db-7b1dd6874c1f"}}, {"model": "orders.tempaddress", "pk": 2, "fields": {"customer": "a133cb63-9138-493e-bbaf-f388e579935d", "address": "ebd8c166-c2ad-4a37-934d-753c65fb2645"}}, {"model": "orders.tempaddress", "pk": 3, "fields": {"customer": "edd97071-4234-4c7f-b926-8a8cd7a17d9c", "address": "b9cd34b0-f34d-436a-9c23-3448eb276ff7"}}, {"model": "orders.order", "pk": "18a0314b-dd9f-49b9-92e9-81caf2ad0600", "fields": {"auto_id": 1, "creator": 2, "updater": 2, "date_added": "2022-04-19T11:36:16.167Z", "date_updated": "2022-04-19T11:54:23.472Z", "is_deleted": false, "order_id": "OR202204190001", "time": "2022-04-19T11:36:16.165Z", "payment": null, "customer": "b93df729-e69b-4876-ad53-899639c5c0ac", "billing_name": "ramshid", "billing_phone": "9544334756", "billing_pincode": 673586, "billing_locality": "", "billing_address": "kanalaukunnu", "billing_city": "calicut", "billing_state": "karala", "total_amount": "11988.00", "payment_method": "cash_on_delivery", "payment_status": "failed"}}, {"model": "orders.order", "pk": "497c7939-a648-4088-872c-7823b6aca737", "fields": {"auto_id": 8, "creator": 6, "updater": 6, "date_added": "2022-05-18T08:23:56.355Z", "date_updated": "2022-05-18T08:23:56.355Z", "is_deleted": false, "order_id": "OR202205180008", "time": "2022-05-18T08:23:56.354Z", "payment": null, "customer": "a133cb63-9138-493e-bbaf-f388e579935d", "billing_name": "navaneeth", "billing_phone": "6380728371", "billing_pincode": 683544, "billing_locality": "", "billing_address": "djlfndlsjnfkdsn;fojsd;fnsdh[oufsd.", "billing_city": "ernkulam", "billing_state": "kerala", "total_amount": "899.00", "payment_method": "online_payment", "payment_status": "failed"}}, {"model": "orders.order", "pk": "4ac3a94f-3f30-40c2-9605-5fb4f5622c6d", "fields": {"auto_id": 4, "creator": 8, "updater": 8, "date_added": "2022-05-17T12:13:53.311Z", "date_updated": "2022-05-17T12:13:53.311Z", "is_deleted": false, "order_id": "OR202205170004", "time": "2022-05-17T12:13:53.310Z", "payment": null, "customer": "edd97071-4234-4c7f-b926-8a8cd7a17d9c", "billing_name": "fayis", "billing_phone": "8592057337", "billing_pincode": 673586, "billing_locality": "", "billing_address": "fhgvgbn  fgjn  uiljk, saetgc", "billing_city": "Malappuram", "billing_state": "Kerala", "total_amount": "1100.00", "payment_method": "online_payment", "payment_status": "failed"}}, {"model": "orders.order", "pk": "79e8af7b-bd95-4814-baa5-774108594d21", "fields": {"auto_id": 5, "creator": 6, "updater": 6, "date_added": "2022-05-18T08:17:35.211Z", "date_updated": "2022-05-18T08:17:35.211Z", "is_deleted": false, "order_id": "OR202205180005", "time": "2022-05-18T08:17:35.210Z", "payment": null, "customer": "a133cb63-9138-493e-bbaf-f388e579935d", "billing_name": "navaneeth", "billing_phone": "6380728371", "billing_pincode": 683544, "billing_locality": "", "billing_address": "djlfndlsjnfkdsn;fojsd;fnsdh[oufsd.", "billing_city": "ernkulam", "billing_state": "kerala", "total_amount": "3178.00", "payment_method": "online_payment", "payment_status": "failed"}}, {"model": "orders.order", "pk": "9ae11471-ed1a-4c8a-8f09-38fb75bd2081", "fields": {"auto_id": 3, "creator": 6, "updater": 6, "date_added": "2022-05-12T05:20:27.645Z", "date_updated": "2022-05-12T05:20:27.645Z", "is_deleted": false, "order_id": "OR202205120003", "time": "2022-05-12T05:20:27.645Z", "payment": null, "customer": "a133cb63-9138-493e-bbaf-f388e579935d", "billing_name": "navaneeth", "billing_phone": "6380728371", "billing_pincode": 683544, "billing_locality": "", "billing_address": "djlfndlsjnfkdsn;fojsd;fnsdh[oufsd.", "billing_city": "ernkulam", "billing_state": "kerala", "total_amount": "1498.00", "payment_method": "cash_on_delivery", "payment_status": "failed"}}, {"model": "orders.order", "pk": "a4169c0b-7abe-4b0f-9d27-ad623708853b", "fields": {"auto_id": 2, "creator": 2, "updater": 2, "date_added": "2022-04-19T11:55:47.572Z", "date_updated": "2022-04-19T12:02:11.492Z", "is_deleted": false, "order_id": "OR202204190002", "time": "2022-04-19T11:55:47.571Z", "payment": null, "customer": "b93df729-e69b-4876-ad53-899639c5c0ac", "billing_name": "ramshid", "billing_phone": "9544334756", "billing_pincode": 673586, "billing_locality": "", "billing_address": "kanalaukunnu", "billing_city": "calicut", "billing_state": "karala", "total_amount": "1100.00", "payment_method": "cash_on_delivery", "payment_status": "failed"}}, {"model": "orders.order", "pk": "ecbbe569-9139-4d89-ade5-1b226dcfb05e", "fields": {"auto_id": 6, "creator": 6, "updater": 6, "date_added": "2022-05-18T08:18:11.390Z", "date_updated": "2022-05-18T08:18:11.390Z", "is_deleted": false, "order_id": "OR202205180006", "time": "2022-05-18T08:18:11.390Z", "payment": null, "customer": "a133cb63-9138-493e-bbaf-f388e579935d", "billing_name": "navaneeth", "billing_phone": "6380728371", "billing_pincode": 683544, "billing_locality": "", "billing_address": "djlfndlsjnfkdsn;fojsd;fnsdh[oufsd.", "billing_city": "ernkulam", "billing_state": "kerala", "total_amount": "3178.00", "payment_method": "online_payment", "payment_status": "failed"}}, {"model": "orders.order", "pk": "ff1e4407-fbfb-4a63-8691-50b11dd44bdd", "fields": {"auto_id": 7, "creator": 6, "updater": 6, "date_added": "2022-05-18T08:20:20.049Z", "date_updated": "2022-05-18T08:20:20.049Z", "is_deleted": false, "order_id": "OR202205180007", "time": "2022-05-18T08:20:20.049Z", "payment": null, "customer": "a133cb63-9138-493e-bbaf-f388e579935d", "billing_name": "navaneeth", "billing_phone": "6380728371", "billing_pincode": 683544, "billing_locality": "", "billing_address": "djlfndlsjnfkdsn;fojsd;fnsdh[oufsd.", "billing_city": "ernkulam", "billing_state": "kerala", "total_amount": "899.00", "payment_method": "online_payment", "payment_status": "failed"}}, {"model": "orders.orderitem", "pk": "0868e6c2-894f-45fd-878e-65c2ca74671a", "fields": {"auto_id": 2, "creator": 2, "updater": 2, "date_added": "2022-04-19T11:55:47.586Z", "date_updated": "2022-04-19T11:55:47.586Z", "is_deleted": false, "order": "a4169c0b-7abe-4b0f-9d27-ad623708853b", "product_varient": "ad4840df-c37d-40f7-9326-d906c5831f60", "qty": "1.00", "subtotal": "1100.00", "order_status": "pending", "cancel_reason": null}}, {"model": "orders.orderitem", "pk": "287182c7-2f5a-4f80-a2ae-5ff8d4b35643", "fields": {"auto_id": 7, "creator": 6, "updater": 6, "date_added": "2022-05-18T08:17:35.259Z", "date_updated": "2022-05-18T08:17:35.259Z", "is_deleted": false, "order": "79e8af7b-bd95-4814-baa5-774108594d21", "product_varient": "4d7df46d-cd02-4e30-b446-fdbd346689f7", "qty": "1.00", "subtotal": "999.00", "order_status": "pending", "cancel_reason": null}}, {"model": "orders.orderitem", "pk": "537ad7fe-ef30-4476-87ba-960435fdd04b", "fields": {"auto_id": 8, "creator": 6, "updater": 6, "date_added": "2022-05-18T08:17:35.264Z", "date_updated": "2022-05-18T08:17:35.264Z", "is_deleted": false, "order": "79e8af7b-bd95-4814-baa5-774108594d21", "product_varient": "237cb04c-dfc4-4af1-8eae-7b7994ccaa99", "qty": "1.00", "subtotal": "1280.00", "order_status": "pending", "cancel_reason": null}}, {"model": "orders.orderitem", "pk": "54322fd6-2649-406e-a5be-7f5b2ca21b22", "fields": {"auto_id": 12, "creator": 6, "updater": 6, "date_added": "2022-05-18T08:20:20.061Z", "date_updated": "2022-05-18T08:20:20.061Z", "is_deleted": false, "order": "ff1e4407-fbfb-4a63-8691-50b11dd44bdd", "product_varient": "89deba39-7c44-48fa-b1cb-9c0328f334d5", "qty": "1.00", "subtotal": "899.00", "order_status": "pending", "cancel_reason": null}}, {"model": "orders.orderitem", "pk": "54818b2c-fc4e-4b0b-88a5-0f0042198b2d", "fields": {"auto_id": 5, "creator": 8, "updater": 8, "date_added": "2022-05-17T12:13:53.328Z", "date_updated": "2022-05-17T12:13:53.328Z", "is_deleted": false, "order": "4ac3a94f-3f30-40c2-9605-5fb4f5622c6d", "product_varient": "7b7002d8-f371-45a5-95fc-d221d9baa660", "qty": "1.00", "subtotal": "1100.00", "order_status": "pending", "cancel_reason": null}}, {"model": "orders.orderitem", "pk": "5df6c604-e503-4fe7-8b8e-e206dc726d5c", "fields": {"auto_id": 9, "creator": 6, "updater": 6, "date_added": "2022-05-18T08:18:11.400Z", "date_updated": "2022-05-18T08:18:11.400Z", "is_deleted": false, "order": "ecbbe569-9139-4d89-ade5-1b226dcfb05e", "product_varient": "89deba39-7c44-48fa-b1cb-9c0328f334d5", "qty": "1.00", "subtotal": "899.00", "order_status": "pending", "cancel_reason": null}}, {"model": "orders.orderitem", "pk": "b8adf238-d0da-47f4-af15-b1641b769b61", "fields": {"auto_id": 4, "creator": 6, "updater": 6, "date_added": "2022-05-12T05:20:27.663Z", "date_updated": "2022-05-12T05:20:27.663Z", "is_deleted": false, "order": "9ae11471-ed1a-4c8a-8f09-38fb75bd2081", "product_varient": "2b6cd69b-7493-4827-aff0-e06575af624e", "qty": "1.00", "subtotal": "499.00", "order_status": "pending", "cancel_reason": null}}, {"model": "orders.orderitem", "pk": "be3df9ad-b3dc-4192-8a7d-65bf08df3bcd", "fields": {"auto_id": 13, "creator": 6, "updater": 6, "date_added": "2022-05-18T08:23:56.365Z", "date_updated": "2022-05-18T08:23:56.365Z", "is_deleted": false, "order": "497c7939-a648-4088-872c-7823b6aca737", "product_varient": "89deba39-7c44-48fa-b1cb-9c0328f334d5", "qty": "1.00", "subtotal": "899.00", "order_status": "pending", "cancel_reason": null}}, {"model": "orders.orderitem", "pk": "cc99ecdb-7ef3-4dbf-bd57-c6cb95a6cb06", "fields": {"auto_id": 10, "creator": 6, "updater": 6, "date_added": "2022-05-18T08:18:11.405Z", "date_updated": "2022-05-18T08:18:11.405Z", "is_deleted": false, "order": "ecbbe569-9139-4d89-ade5-1b226dcfb05e", "product_varient": "4d7df46d-cd02-4e30-b446-fdbd346689f7", "qty": "1.00", "subtotal": "999.00", "order_status": "pending", "cancel_reason": null}}, {"model": "orders.orderitem", "pk": "cec2053b-49b7-4ec3-b7b3-eda0568dbf2f", "fields": {"auto_id": 1, "creator": 2, "updater": 2, "date_added": "2022-04-19T11:36:16.205Z", "date_updated": "2022-04-19T11:36:16.205Z", "is_deleted": false, "order": "18a0314b-dd9f-49b9-92e9-81caf2ad0600", "product_varient": "b563edff-f697-422d-ab67-0d384fca1324", "qty": "12.00", "subtotal": "11988.00", "order_status": "pending", "cancel_reason": null}}, {"model": "orders.orderitem", "pk": "dcd667be-e754-4f76-9b53-263d46b16141", "fields": {"auto_id": 3, "creator": 6, "updater": 6, "date_added": "2022-05-12T05:20:27.654Z", "date_updated": "2022-05-12T05:20:27.655Z", "is_deleted": false, "order": "9ae11471-ed1a-4c8a-8f09-38fb75bd2081", "product_varient": "4d7df46d-cd02-4e30-b446-fdbd346689f7", "qty": "1.00", "subtotal": "999.00", "order_status": "pending", "cancel_reason": null}}, {"model": "orders.orderitem", "pk": "e76508f8-dd5f-42e3-9b3f-9b6b88f0bc06", "fields": {"auto_id": 11, "creator": 6, "updater": 6, "date_added": "2022-05-18T08:18:11.410Z", "date_updated": "2022-05-18T08:18:11.410Z", "is_deleted": false, "order": "ecbbe569-9139-4d89-ade5-1b226dcfb05e", "product_varient": "237cb04c-dfc4-4af1-8eae-7b7994ccaa99", "qty": "1.00", "subtotal": "1280.00", "order_status": "pending", "cancel_reason": null}}, {"model": "orders.orderitem", "pk": "eb0801e4-a857-4c53-8ce1-fc56b3e53a2f", "fields": {"auto_id": 6, "creator": 6, "updater": 6, "date_added": "2022-05-18T08:17:35.253Z", "date_updated": "2022-05-18T08:17:35.253Z", "is_deleted": false, "order": "79e8af7b-bd95-4814-baa5-774108594d21", "product_varient": "89deba39-7c44-48fa-b1cb-9c0328f334d5", "qty": "1.00", "subtotal": "899.00", "order_status": "pending", "cancel_reason": null}}, {"model": "orders.ordertracking", "pk": "7fc0b93f-3900-468f-ad2c-162d9bb40fbf", "fields": {"auto_id": 2, "creator": 1, "updater": 1, "date_added": "2022-04-19T11:57:17.659Z", "date_updated": "2022-04-19T11:57:17.660Z", "is_deleted": false, "order": "a4169c0b-7abe-4b0f-9d27-ad623708853b", "delivery_partner": "new", "tracking_id": "32435645", "expected_date": "2022-04-21"}}, {"model": "orders.ordertracking", "pk": "c89bb546-49b9-4d5c-a6f6-6f93e935b349", "fields": {"auto_id": 1, "creator": 1, "updater": 1, "date_added": "2022-04-19T11:38:37.572Z", "date_updated": "2022-04-19T11:38:37.572Z", "is_deleted": false, "order": "18a0314b-dd9f-49b9-92e9-81caf2ad0600", "delivery_partner": "test", "tracking_id": "2", "expected_date": "2022-04-24"}}, {"model": "payments.payment", "pk": "3f63675f-d285-465f-9e31-a5b2b46a6899", "fields": {"auto_id": 3, "creator": 6, "updater": 6, "date_added": "2022-05-18T08:18:11.414Z", "date_updated": "2022-05-18T08:18:11.414Z", "is_deleted": false, "order_id": "OR202205180006", "amount": "3178.00", "currency": "INR", "language": null, "payment_type": null, "payment_mode": "LIVE", "card_name": null, "order_status": "Pending", "transaction_id": null, "transaction_signature": null, "bank_ref_no": null, "bank_id": null, "payuid": null, "mihpayuid": null, "payment_order_id": "order_JWcbj2ah3zYefg", "description": "New Order", "payment_channel": null, "payment_datetime": null, "response_code": null, "response_message": null, "error_desc": null, "cardmasked": null, "failure_message": null, "status_message": null}}, {"model": "payments.payment", "pk": "7ef3e0de-2169-497e-a693-9cfe96cdb936", "fields": {"auto_id": 4, "creator": 6, "updater": 6, "date_added": "2022-05-18T08:20:20.065Z", "date_updated": "2022-05-18T08:20:20.065Z", "is_deleted": false, "order_id": "OR202205180007", "amount": "899.00", "currency": "INR", "language": null, "payment_type": null, "payment_mode": "LIVE", "card_name": null, "order_status": "Pending", "transaction_id": null, "transaction_signature": null, "bank_ref_no": null, "bank_id": null, "payuid": null, "mihpayuid": null, "payment_order_id": "order_JWchFfevCTMtBf", "description": "New Order", "payment_channel": null, "payment_datetime": null, "response_code": null, "response_message": null, "error_desc": null, "cardmasked": null, "failure_message": null, "status_message": null}}, {"model": "payments.payment", "pk": "7f9fb3ce-8727-4f9b-8383-29ecff8b711e", "fields": {"auto_id": 2, "creator": 6, "updater": 6, "date_added": "2022-05-18T08:17:35.270Z", "date_updated": "2022-05-18T08:17:35.270Z", "is_deleted": false, "order_id": "OR202205180005", "amount": "3178.00", "currency": "INR", "language": null, "payment_type": null, "payment_mode": "LIVE", "card_name": null, "order_status": "Pending", "transaction_id": null, "transaction_signature": null, "bank_ref_no": null, "bank_id": null, "payuid": null, "mihpayuid": null, "payment_order_id": "order_JWcb5bU38chb1A", "description": "New Order", "payment_channel": null, "payment_datetime": null, "response_code": null, "response_message": null, "error_desc": null, "cardmasked": null, "failure_message": null, "status_message": null}}, {"model": "payments.payment", "pk": "82f98373-b256-494f-81ff-34c5aaf217f3", "fields": {"auto_id": 1, "creator": 8, "updater": 8, "date_added": "2022-05-17T12:13:53.336Z", "date_updated": "2022-05-17T12:13:53.336Z", "is_deleted": false, "order_id": "OR202205170004", "amount": "1100.00", "currency": "INR", "language": null, "payment_type": null, "payment_mode": "LIVE", "card_name": null, "order_status": "Pending", "transaction_id": null, "transaction_signature": null, "bank_ref_no": null, "bank_id": null, "payuid": null, "mihpayuid": null, "payment_order_id": "order_JWI67lc7LlcdAq", "description": "New Order", "payment_channel": null, "payment_datetime": null, "response_code": null, "response_message": null, "error_desc": null, "cardmasked": null, "failure_message": null, "status_message": null}}, {"model": "payments.payment", "pk": "ca58921d-609d-4a0e-a191-16b8c9206213", "fields": {"auto_id": 5, "creator": 6, "updater": 6, "date_added": "2022-05-18T08:23:56.370Z", "date_updated": "2022-05-18T08:23:56.370Z", "is_deleted": false, "order_id": "OR202205180008", "amount": "899.00", "currency": "INR", "language": null, "payment_type": null, "payment_mode": "LIVE", "card_name": null, "order_status": "Pending", "transaction_id": null, "transaction_signature": null, "bank_ref_no": null, "bank_id": null, "payuid": null, "mihpayuid": null, "payment_order_id": "order_JWchnXhOCmLwh0", "description": "New Order", "payment_channel": null, "payment_datetime": null, "response_code": null, "response_message": null, "error_desc": null, "cardmasked": null, "failure_message": null, "status_message": null}}, {"model": "product.productcategory", "pk": "41b065ce-2769-4d86-a2f9-883db39a961a", "fields": {"auto_id": 2, "creator": 1, "updater": 1, "date_added": "2022-04-11T10:39:09.494Z", "date_updated": "2022-04-11T10:39:09.494Z", "is_deleted": false, "name": "Sports", "description": "test"}}, {"model": "product.productcategory", "pk": "48acec67-d2e7-4083-b69e-8cd908f6a71b", "fields": {"auto_id": 1, "creator": 1, "updater": 1, "date_added": "2022-04-11T10:38:41.768Z", "date_updated": "2022-04-11T10:38:41.768Z", "is_deleted": false, "name": "Jersey", "description": "test"}}, {"model": "product.messurment", "pk": "2829e03a-792d-4e18-aa29-8940b6c024a4", "fields": {"auto_id": 9, "creator": 1, "updater": 1, "date_added": "2022-04-11T06:35:01.278Z", "date_updated": "2022-04-11T06:35:01.278Z", "is_deleted": false, "type": "pant", "name": "inseem"}}, {"model": "product.messurment", "pk": "3519fba8-81c3-49fd-8143-7da26174045c", "fields": {"auto_id": 2, "creator": 1, "updater": 1, "date_added": "2022-04-11T06:32:15.530Z", "date_updated": "2022-04-11T06:32:15.530Z", "is_deleted": false, "type": "shirt", "name": "front_length"}}, {"model": "product.messurment", "pk": "55d68ac0-c015-417e-b70f-1072b46dd44a", "fields": {"auto_id": 3, "creator": 1, "updater": 1, "date_added": "2022-04-11T06:32:43.732Z", "date_updated": "2022-04-11T06:32:43.732Z", "is_deleted": false, "type": "shirt", "name": "accross_sholder"}}, {"model": "product.messurment", "pk": "61fbb5cd-6651-40bf-afb6-7be95a10f494", "fields": {"auto_id": 10, "creator": 1, "updater": 1, "date_added": "2022-04-11T06:35:22.810Z", "date_updated": "2022-04-11T06:35:22.811Z", "is_deleted": false, "type": "pant", "name": "outseam"}}, {"model": "product.messurment", "pk": "6a06653d-56fb-4699-a944-71a785cb5cbb", "fields": {"auto_id": 7, "creator": 1, "updater": 1, "date_added": "2022-04-11T06:34:22.591Z", "date_updated": "2022-04-11T06:34:22.591Z", "is_deleted": false, "type": "pant", "name": "rise"}}, {"model": "product.messurment", "pk": "74717e85-b69a-47e6-b8da-bdce24721ed6", "fields": {"auto_id": 1, "creator": 1, "updater": 1, "date_added": "2022-04-11T06:31:58.975Z", "date_updated": "2022-04-11T06:31:58.975Z", "is_deleted": false, "type": "shirt", "name": "chest"}}, {"model": "product.messurment", "pk": "bb2620de-d4e0-4a75-ad72-bb225e8679f7", "fields": {"auto_id": 5, "creator": 1, "updater": 1, "date_added": "2022-04-11T06:33:16.987Z", "date_updated": "2022-04-11T06:33:16.987Z", "is_deleted": false, "type": "shirt", "name": "sleeve_length"}}, {"model": "product.messurment", "pk": "dc342af9-7666-48d0-87f2-b8254bba99d4", "fields": {"auto_id": 11, "creator": 1, "updater": 1, "date_added": "2022-04-11T06:36:04.382Z", "date_updated": "2022-04-11T06:36:04.382Z", "is_deleted": false, "type": "pant", "name": "bottom_hem"}}, {"model": "product.messurment", "pk": "eebe994e-d42d-459b-97c1-ee764360588c", "fields": {"auto_id": 6, "creator": 1, "updater": 1, "date_added": "2022-04-11T06:33:36.766Z", "date_updated": "2022-04-11T06:33:36.766Z", "is_deleted": false, "type": "pant", "name": "waist"}}, {"model": "product.messurment", "pk": "f31b55a3-490c-48a7-a84b-fd6f7e52a4ce", "fields": {"auto_id": 8, "creator": 1, "updater": 1, "date_added": "2022-04-11T06:34:39.441Z", "date_updated": "2022-04-11T06:34:39.441Z", "is_deleted": false, "type": "pant", "name": "thigh"}}, {"model": "product.messurment", "pk": "fd0678fa-0f13-4d4e-8959-505b855d1c85", "fields": {"auto_id": 4, "creator": 1, "updater": 1, "date_added": "2022-04-11T06:33:00.692Z", "date_updated": "2022-04-11T06:33:00.692Z", "is_deleted": false, "type": "shirt", "name": "waist"}}, {"model": "product.metakeyword", "pk": "5e54a593-5ce8-4ab5-a896-4a94421cbf19", "fields": {"auto_id": 1, "creator": 1, "updater": 1, "date_added": "2022-04-11T10:40:43.245Z", "date_updated": "2022-04-11T10:40:43.245Z", "is_deleted": false, "name": "shirts"}}, {"model": "product.metakeyword", "pk": "c3fcc235-0eae-487f-aa03-7d7cbf088b79", "fields": {"auto_id": 2, "creator": 1, "updater": 1, "date_added": "2022-04-11T10:40:54.616Z", "date_updated": "2022-04-11T10:40:54.617Z", "is_deleted": false, "name": "pants"}}, {"model": "product.product", "pk": "04f71a23-9920-41cf-82cb-daaa96a06dec", "fields": {"auto_id": 7, "creator": 1, "updater": 1, "date_added": "2022-04-14T10:37:49.334Z", "date_updated": "2022-05-04T11:05:27.852Z", "is_deleted": false, "category": "41b065ce-2769-4d86-a2f9-883db39a961a", "product_type": "t_shirt", "name": "Real Madrid CF", "short_description": "Real Madrid Club", "description": "Real Madrid Club de Fútbol (Spanish pronunciation: [reˈal maˈðɾið ˈkluβ ðe ˈfuðβol] (audio speaker iconlisten), meaning Royal Madrid Football Club), commonly referred to as Real Madrid or simply Real, is a Spanish professional football club based in Madrid.", "featured_image": "product/product_cover/Real_Madrid_Club.webp", "mrp": "1100.00", "price": "1000.00", "cash_on_delivery": false, "current_rating": "0.00", "meta_keywords": ["5e54a593-5ce8-4ab5-a896-4a94421cbf19"], "delivery_locations": ["0322b91a-359e-4e01-a1c5-9f79d11161f8"]}}, {"model": "product.product", "pk": "10299418-75a2-4858-a403-292e830e88a2", "fields": {"auto_id": 32, "creator": 1, "updater": 1, "date_added": "2022-04-25T10:02:00.092Z", "date_updated": "2022-04-25T10:02:00.092Z", "is_deleted": false, "category": "41b065ce-2769-4d86-a2f9-883db39a961a", "product_type": "t_shirt", "name": "DressBerry", "short_description": "Stylish Black Solid Joyful Conversation Tshirt", "description": "Feminine and practical, this fashionable T-shirt is sure to upgrade your closet in an instant. Crafted with an attractive solid pattern and round neck, this T-shirt is sure to elevate your appeal. \r\nStylish black colour\r\nClassic solid pattern\r\nRound neck\r\nShort regular sleeves\r\nPolyester, machine wash", "featured_image": "product/product_cover/vlack_9IatDAd.jpeg", "mrp": "600.00", "price": "400.00", "cash_on_delivery": false, "current_rating": "0.00", "meta_keywords": ["5e54a593-5ce8-4ab5-a896-4a94421cbf19"], "delivery_locations": ["38039608-8147-480e-98f1-696bffea9b06", "e2be007b-064c-40ff-a5c4-afb000f968e2"]}}, {"model": "product.product", "pk": "12c0a8e2-2ef8-4c6c-8b21-adb117de2bdf", "fields": {"auto_id": 33, "creator": 1, "updater": 1, "date_added": "2022-04-25T10:03:38.614Z", "date_updated": "2022-05-04T10:19:10.768Z", "is_deleted": false, "category": "48acec67-d2e7-4083-b69e-8cd908f6a71b", "product_type": "boxer", "name": "Kook N Keech Disney", "short_description": "Women Pretty Pink Graphic Conversational Tshirt", "description": "Stylish and comfy, this T-shirt will be your best bet for day-to-day wear. Designed with a trendy graphic print and round neck, this T-shirt is sure to make you stand apart. \r\nPink shade\r\nClassic graphic print\r\nRound neck\r\nShort regular sleeves\r\nCotton, machine wash", "featured_image": "product/product_cover/vlack2.jpeg", "mrp": "788.00", "price": "600.00", "cash_on_delivery": false, "current_rating": "0.00", "meta_keywords": ["5e54a593-5ce8-4ab5-a896-4a94421cbf19"], "delivery_locations": ["38039608-8147-480e-98f1-696bffea9b06"]}}, {"model": "product.product", "pk": "2df2fddc-a270-48df-bbce-c0e81ff20970", "fields": {"auto_id": 5, "creator": 1, "updater": 1, "date_added": "2022-04-14T10:31:24.543Z", "date_updated": "2022-05-04T11:08:04.846Z", "is_deleted": false, "category": "41b065ce-2769-4d86-a2f9-883db39a961a", "product_type": "t_shirt", "name": "Chelsea F.C.", "short_description": "Chelsea Football Club i", "description": "Chelsea Football Club is an English professional football club based in Fulham, West London. Founded in 1905, the club competes in the Premier League, the top division of English football. Domestically, the club has won six league titles, eight FA Cups, five League Cups, and four FA Community Shields.", "featured_image": "product/product_cover/chelsa.jpg", "mrp": "1200.00", "price": "1100.00", "cash_on_delivery": false, "current_rating": "0.00", "meta_keywords": ["5e54a593-5ce8-4ab5-a896-4a94421cbf19"], "delivery_locations": ["0322b91a-359e-4e01-a1c5-9f79d11161f8"]}}, {"model": "product.product", "pk": "326dbc67-654c-4466-8a30-b68fdb274cf5", "fields": {"auto_id": 31, "creator": 1, "updater": 1, "date_added": "2022-04-25T10:01:57.043Z", "date_updated": "2022-04-25T10:01:57.043Z", "is_deleted": true, "category": "41b065ce-2769-4d86-a2f9-883db39a961a", "product_type": "t_shirt", "name": "DressBerry", "short_description": "Stylish Black Solid Joyful Conversation Tshirt", "description": "Feminine and practical, this fashionable T-shirt is sure to upgrade your closet in an instant. Crafted with an attractive solid pattern and round neck, this T-shirt is sure to elevate your appeal. \r\nStylish black colour\r\nClassic solid pattern\r\nRound neck\r\nShort regular sleeves\r\nPolyester, machine wash", "featured_image": "product/product_cover/vlack.jpeg", "mrp": "600.00", "price": "400.00", "cash_on_delivery": false, "current_rating": "0.00", "meta_keywords": ["5e54a593-5ce8-4ab5-a896-4a94421cbf19"], "delivery_locations": ["38039608-8147-480e-98f1-696bffea9b06", "e2be007b-064c-40ff-a5c4-afb000f968e2"]}}, {"model": "product.product", "pk": "34b89065-39b6-479c-8395-53a4d9c95ebf", "fields": {"auto_id": 34, "creator": 1, "updater": 1, "date_added": "2022-04-25T10:03:42.160Z", "date_updated": "2022-04-25T10:03:42.160Z", "is_deleted": true, "category": "48acec67-d2e7-4083-b69e-8cd908f6a71b", "product_type": "boxer", "name": "Kook N Keech Disney", "short_description": "Women Pretty Pink Graphic Conversational Tshirt", "description": "Stylish and comfy, this T-shirt will be your best bet for day-to-day wear. Designed with a trendy graphic print and round neck, this T-shirt is sure to make you stand apart. \r\nPink shade\r\nClassic graphic print\r\nRound neck\r\nShort regular sleeves\r\nCotton, machine wash", "featured_image": "product/product_cover/vlack2_nI485Fl.jpeg", "mrp": "788.00", "price": "600.00", "cash_on_delivery": false, "current_rating": "0.00", "meta_keywords": ["5e54a593-5ce8-4ab5-a896-4a94421cbf19"], "delivery_locations": ["38039608-8147-480e-98f1-696bffea9b06"]}}, {"model": "product.product", "pk": "374fe6fc-1d66-45cb-a4b3-1cf6931c5158", "fields": {"auto_id": 8, "creator": 1, "updater": 1, "date_added": "2022-04-15T16:54:05.589Z", "date_updated": "2022-04-15T16:54:05.589Z", "is_deleted": true, "category": "48acec67-d2e7-4083-b69e-8cd908f6a71b", "product_type": "shirt", "name": "test", "short_description": "test", "description": "test", "featured_image": "product/product_cover/Screenshot_from_2022-01-21_09-39-02.png", "mrp": "10.00", "price": "10.00", "cash_on_delivery": false, "current_rating": "0.00", "meta_keywords": ["c3fcc235-0eae-487f-aa03-7d7cbf088b79", "5e54a593-5ce8-4ab5-a896-4a94421cbf19"], "delivery_locations": ["0322b91a-359e-4e01-a1c5-9f79d11161f8"]}}, {"model": "product.product", "pk": "3aab6737-61c7-42ca-8006-9cba9bde4e9f", "fields": {"auto_id": 19, "creator": 1, "updater": 1, "date_added": "2022-04-25T09:20:05.800Z", "date_updated": "2022-05-04T10:45:08.928Z", "is_deleted": false, "category": "48acec67-d2e7-4083-b69e-8cd908f6a71b", "product_type": "boxer", "name": "Swaggy Olive", "short_description": "100% Cotton Regular Fit Machine wash", "description": "Cotton Blend; Loose Fit Round Neck T-shirt; Pattern: Self Design. Most Helpful Review. 5. Worth every penny. Very very very nice this t shirt.This singlet is perfect for the gym or a coffee run. It’s soft to the T, made from 100% cotton, and its raw armhole edges give it a stylish grunge look.", "featured_image": "product/product_cover/bib3.jpeg", "mrp": "1000.00", "price": "999.00", "cash_on_delivery": false, "current_rating": "0.00", "meta_keywords": ["5e54a593-5ce8-4ab5-a896-4a94421cbf19"], "delivery_locations": ["0322b91a-359e-4e01-a1c5-9f79d11161f8"]}}, {"model": "product.product", "pk": "3dec33ff-a9c9-4b2f-889e-03a82b1974e0", "fields": {"auto_id": 18, "creator": 1, "updater": 1, "date_added": "2022-04-25T09:16:01.481Z", "date_updated": "2022-05-04T10:45:59.461Z", "is_deleted": false, "category": "48acec67-d2e7-4083-b69e-8cd908f6a71b", "product_type": "boxer", "name": "ADIDAS", "short_description": "FastColors. Solid Men Round Neck Black,", "description": "This sports-inspired t-shirt is perfect for pairing with shorts, pyjamas and joggers. The round neck t-shirt is crafted from cotton", "featured_image": "product/product_cover/bib2.jpeg", "mrp": "700.00", "price": "699.00", "cash_on_delivery": false, "current_rating": "0.00", "meta_keywords": ["5e54a593-5ce8-4ab5-a896-4a94421cbf19"], "delivery_locations": ["e2be007b-064c-40ff-a5c4-afb000f968e2"]}}, {"model": "product.product", "pk": "419591eb-2e51-42d8-84d7-a1903a20dd23", "fields": {"auto_id": 26, "creator": 1, "updater": 1, "date_added": "2022-04-25T09:52:36.814Z", "date_updated": "2022-05-04T10:28:28.968Z", "is_deleted": false, "category": "41b065ce-2769-4d86-a2f9-883db39a961a", "product_type": "t_shirt", "name": "Neo-Cool Cotton Tank Tops", "short_description": "Made with 100% Combed Cotton", "description": "machine wash gently. Don’t use bleach\r\nLine dry in shade\r\nDo not iron on print or dry clean", "featured_image": "product/product_cover/ts1.jpeg", "mrp": "700.00", "price": "599.00", "cash_on_delivery": false, "current_rating": "0.00", "meta_keywords": ["5e54a593-5ce8-4ab5-a896-4a94421cbf19"], "delivery_locations": ["38039608-8147-480e-98f1-696bffea9b06", "e2be007b-064c-40ff-a5c4-afb000f968e2"]}}, {"model": "product.product", "pk": "43e17f21-79c1-440e-a33c-aa18d887cbe5", "fields": {"auto_id": 13, "creator": 1, "updater": 1, "date_added": "2022-04-25T08:54:13.066Z", "date_updated": "2022-05-04T10:58:35.706Z", "is_deleted": false, "category": "41b065ce-2769-4d86-a2f9-883db39a961a", "product_type": "t_shirt", "name": "FTX", "short_description": "A relaxing fit and durable comfort make T-shirts highly popular amongst individuals across various age groups. Tees are a perfect blend of everyday style and relaxation throughout the day.", "description": "You can find them with curved and straight hemlines, varying length of sleeves with some having a button closure on the front. Some of the best t-shirts are provided by trusted brands like WROGN, Peter England, Mast & Harbour, Puma, and Roadster. Some brands provide lightweight and breathable creations which are more suited to warmer climes. You can find some exclusively created for cooler temperatures. These are often fashioned with long sleeves and a hoodie to protect you from the harsh cold. The festive variety includes T-shirts which come in solid colours with decorative embellishments.", "featured_image": "product/product_cover/al.jpeg", "mrp": "690.00", "price": "679.00", "cash_on_delivery": false, "current_rating": "0.00", "meta_keywords": ["5e54a593-5ce8-4ab5-a896-4a94421cbf19"], "delivery_locations": ["38039608-8147-480e-98f1-696bffea9b06"]}}, {"model": "product.product", "pk": "5f119727-fbcb-405e-af92-0f73de362b99", "fields": {"auto_id": 12, "creator": 1, "updater": 1, "date_added": "2022-04-25T08:12:06.921Z", "date_updated": "2022-05-04T10:59:44.947Z", "is_deleted": false, "category": "41b065ce-2769-4d86-a2f9-883db39a961a", "product_type": "t_shirt", "name": "Highlight Movers", "short_description": "Fair. Fabric is not rayon it's polyester.", "description": "Fabric: Cotton Rayon Blend; Slim, Regular Fit, Short Sleeve; Collar Type: Club. Most Helpful Review. 3.", "featured_image": "product/product_cover/hight_movies.jpeg", "mrp": "1000.00", "price": "999.00", "cash_on_delivery": false, "current_rating": "0.00", "meta_keywords": ["5e54a593-5ce8-4ab5-a896-4a94421cbf19"], "delivery_locations": ["0322b91a-359e-4e01-a1c5-9f79d11161f8"]}}, {"model": "product.product", "pk": "6c34ecb5-b450-4aac-9239-8598178e1717", "fields": {"auto_id": 29, "creator": 1, "updater": 1, "date_added": "2022-04-25T09:57:41.904Z", "date_updated": "2022-05-04T10:22:57.853Z", "is_deleted": false, "category": "41b065ce-2769-4d86-a2f9-883db39a961a", "product_type": "t_shirt", "name": "AXXITUDE", "short_description": "Fabric: Cotton Rayon Blend; Slim, Regular Fit, Short Sleeve; Collar Type: Club. Most Helpful Review. 3. Fair. Fabric is not rayon it's polyester.", "description": "Size\r\nXL\r\nGeneric Name\r\nT-Shirts\r\nColor\r\nGreen\r\nCombo of\r\n1\r\nMaterial\r\nCotton\r\nNet Quantity\r\n1\r\nSleeve Style\r\nHalf Sleeves\r\nNeck Type\r\nRound Neck\r\nCountry of Origin\r\nIndia\r\nProduct Length (In CM)\r\n10\r\nProduct Height (In CM)\r\n1\r\nProduct Width (In CM)\r\n8\r\nPattern/Print\r\nPrinted", "featured_image": "product/product_cover/tsh3.jpeg", "mrp": "900.00", "price": "879.00", "cash_on_delivery": false, "current_rating": "0.00", "meta_keywords": ["5e54a593-5ce8-4ab5-a896-4a94421cbf19"], "delivery_locations": ["0322b91a-359e-4e01-a1c5-9f79d11161f8"]}}, {"model": "product.product", "pk": "7b0b6006-c6a5-444d-8734-fbd8a10be9c6", "fields": {"auto_id": 20, "creator": 1, "updater": 1, "date_added": "2022-04-25T09:22:59.757Z", "date_updated": "2022-05-04T10:42:21.103Z", "is_deleted": false, "category": "48acec67-d2e7-4083-b69e-8cd908f6a71b", "product_type": "t_shirt", "name": "Tropical Graphic Tank Tee", "short_description": "A knit tank tee featurinf front Tropical print with round neckli", "description": "100% slubjsy160gsm - Machine wash\r\nSize + Fit\r\nModel is 6'1\" and wearing a Medium\r\nProduct Code : 0059071801", "featured_image": "product/product_cover/bib4.jpeg", "mrp": "540.00", "price": "499.00", "cash_on_delivery": false, "current_rating": "0.00", "meta_keywords": ["5e54a593-5ce8-4ab5-a896-4a94421cbf19"], "delivery_locations": ["38039608-8147-480e-98f1-696bffea9b06"]}}, {"model": "product.product", "pk": "7e8fec1d-4e5d-424b-8427-02ca7c4188c3", "fields": {"auto_id": 22, "creator": 1, "updater": 1, "date_added": "2022-04-25T09:28:33.204Z", "date_updated": "2022-05-04T10:38:18.455Z", "is_deleted": false, "category": "41b065ce-2769-4d86-a2f9-883db39a961a", "product_type": "pant", "name": "Tommy Hilfiger", "short_description": "Boys Black Solid Slim Fit Sweatpants", "description": "A black-coloured solid sweatpant, has three pockets, has an elasticated waistband with drawstring fastening\r\nSlim fit.70% Cotton, 30% Polyester. Machine Wash.Pair this sweatpant with a tee and clogs for an athleisure look", "featured_image": "product/product_cover/t2.jpeg", "mrp": "2779.00", "price": "2345.00", "cash_on_delivery": false, "current_rating": "0.00", "meta_keywords": ["c3fcc235-0eae-487f-aa03-7d7cbf088b79"], "delivery_locations": ["0322b91a-359e-4e01-a1c5-9f79d11161f8", "38039608-8147-480e-98f1-696bffea9b06", "e2be007b-064c-40ff-a5c4-afb000f968e2"]}}, {"model": "product.product", "pk": "87461ca1-d66f-4216-94d6-a69de8881690", "fields": {"auto_id": 39, "creator": 1, "updater": 1, "date_added": "2022-04-25T10:10:58.257Z", "date_updated": "2022-05-04T10:11:39.523Z", "is_deleted": false, "category": "48acec67-d2e7-4083-b69e-8cd908f6a71b", "product_type": "boxer", "name": "UNIQ", "short_description": "These sleeves are slightly longer than the cap sleeves and normally extend to the elbow or just above the elbow.", "description": "It is a very nice jersey", "featured_image": "product/product_cover/tsh8.jpeg", "mrp": "700.00", "price": "699.00", "cash_on_delivery": false, "current_rating": "0.00", "meta_keywords": ["c3fcc235-0eae-487f-aa03-7d7cbf088b79", "5e54a593-5ce8-4ab5-a896-4a94421cbf19"], "delivery_locations": ["38039608-8147-480e-98f1-696bffea9b06", "e2be007b-064c-40ff-a5c4-afb000f968e2"]}}, {"model": "product.product", "pk": "903760a2-3806-4abe-bd4f-24c1c309faa2", "fields": {"auto_id": 24, "creator": 1, "updater": 1, "date_added": "2022-04-25T09:48:39.532Z", "date_updated": "2022-05-04T10:36:28.579Z", "is_deleted": false, "category": "41b065ce-2769-4d86-a2f9-883db39a961a", "product_type": "pant", "name": "CREMLIN CLOTHING", "short_description": "Multi Pack of 3 Printed Cotton Track Pants", "description": "With dryCELL moisture-wicking technology to keep you comfortable while on the move and an athletic cut line for maximum flexibility, the Evostripe Pants are the perfect training companion.\r\nBe prepared for peak performance all while looking your best.", "featured_image": "product/product_cover/t4.jpeg", "mrp": "1300.00", "price": "1267.00", "cash_on_delivery": false, "current_rating": "0.00", "meta_keywords": ["c3fcc235-0eae-487f-aa03-7d7cbf088b79"], "delivery_locations": ["38039608-8147-480e-98f1-696bffea9b06", "e2be007b-064c-40ff-a5c4-afb000f968e2"]}}, {"model": "product.product", "pk": "99f515ea-6494-46d0-9f0e-6d31fb887f7a", "fields": {"auto_id": 9, "creator": 1, "updater": 1, "date_added": "2022-04-18T03:24:19.386Z", "date_updated": "2022-04-18T03:24:19.386Z", "is_deleted": true, "category": "41b065ce-2769-4d86-a2f9-883db39a961a", "product_type": "shirt", "name": "Test", "short_description": "Test", "description": "Test", "featured_image": "product/product_cover/Screenshot_20220321-190459.png", "mrp": "10.00", "price": "10.00", "cash_on_delivery": false, "current_rating": "0.00", "meta_keywords": ["5e54a593-5ce8-4ab5-a896-4a94421cbf19"], "delivery_locations": ["0322b91a-359e-4e01-a1c5-9f79d11161f8"]}}, {"model": "product.product", "pk": "9f053f1a-7235-40fd-8517-0a441ab97ea8", "fields": {"auto_id": 15, "creator": 1, "updater": 1, "date_added": "2022-04-25T09:01:29.246Z", "date_updated": "2022-05-04T10:54:44.046Z", "is_deleted": false, "category": "41b065ce-2769-4d86-a2f9-883db39a961a", "product_type": "t_shirt", "name": "Nautica", "short_description": "Fabric: Cotton Rayon Blend; Slim, Regular Fit, Short Sleeve; Collar Type: Club. Most Helpful Review. 3. Fair. Fabric is not rayon it's polyester.", "description": "Online shopping for short sleeve shirts in India ✯ Buy short sleeve shirts ✯ Free Shipping ✯ Cash on Delivery ✯ Easy returns and exchanges.100% Original Products", "featured_image": "product/product_cover/bng.jpeg", "mrp": "788.00", "price": "700.00", "cash_on_delivery": false, "current_rating": "0.00", "meta_keywords": ["5e54a593-5ce8-4ab5-a896-4a94421cbf19"], "delivery_locations": ["0322b91a-359e-4e01-a1c5-9f79d11161f8"]}}, {"model": "product.product", "pk": "a67b4f6f-146d-4455-af8e-fe9676ed476b", "fields": {"auto_id": 28, "creator": 1, "updater": 1, "date_added": "2022-04-25T09:54:49.804Z", "date_updated": "2022-05-04T10:25:59.833Z", "is_deleted": false, "category": "41b065ce-2769-4d86-a2f9-883db39a961a", "product_type": "t_shirt", "name": "Bonkers Corner", "short_description": "Composition: 100% premium cotton", "description": "Wash care: Machine wash cold with similar colours.\r\nOnly non-chlorine.\r\nTumble dry low.\r\nWarm Iron if needed.\r\nSizing: Garment measurement in inches.\r\nEstimated order processing time: 48hours.\r\nEstimated delivery time: 5-12 working days.\r\n(Deliveries may take longer than usual due to COVID-19 situation.)", "featured_image": "product/product_cover/tsh2.jpeg", "mrp": "900.00", "price": "799.00", "cash_on_delivery": false, "current_rating": "0.00", "meta_keywords": ["5e54a593-5ce8-4ab5-a896-4a94421cbf19"], "delivery_locations": ["0322b91a-359e-4e01-a1c5-9f79d11161f8", "38039608-8147-480e-98f1-696bffea9b06"]}}, {"model": "product.product", "pk": "a75abcbb-9196-4e55-a498-58f1673478cf", "fields": {"auto_id": 6, "creator": 1, "updater": 1, "date_added": "2022-04-14T10:34:55.689Z", "date_updated": "2022-05-04T11:06:35.449Z", "is_deleted": false, "category": "41b065ce-2769-4d86-a2f9-883db39a961a", "product_type": "t_shirt", "name": "Liverpool FC England", "short_description": "Liverpool Football Club", "description": "Liverpool Football Club is a professional football club based in Liverpool, England, that competes in the Premier League, the top tier of English football. Domestically, the club has won nineteen League titles, seven FA Cups, a record nine League Cups and fifteen FA Community Shields", "featured_image": "product/product_cover/Liverpool_Football_Club.png", "mrp": "1300.00", "price": "1280.00", "cash_on_delivery": false, "current_rating": "0.00", "meta_keywords": ["5e54a593-5ce8-4ab5-a896-4a94421cbf19"], "delivery_locations": ["0322b91a-359e-4e01-a1c5-9f79d11161f8"]}}, {"model": "product.product", "pk": "aa727586-1c6b-497e-be10-9b774d9345d2", "fields": {"auto_id": 25, "creator": 1, "updater": 1, "date_added": "2022-04-25T09:50:12.458Z", "date_updated": "2022-05-04T10:34:07.477Z", "is_deleted": false, "category": "41b065ce-2769-4d86-a2f9-883db39a961a", "product_type": "pant", "name": "H&M", "short_description": "A relaxing fit and durable comfort make T-shirts highly popular amongst individuals across various age groups. Tees are a perfect blend of everyday style and relaxation throughout the day.", "description": "Leggings in soft organic cotton jersey with an elasticated waist", "featured_image": "product/product_cover/t5.jpeg", "mrp": "1100.00", "price": "999.00", "cash_on_delivery": false, "current_rating": "0.00", "meta_keywords": ["c3fcc235-0eae-487f-aa03-7d7cbf088b79"], "delivery_locations": ["38039608-8147-480e-98f1-696bffea9b06", "e2be007b-064c-40ff-a5c4-afb000f968e2"]}}, {"model": "product.product", "pk": "b2ef27cc-fc77-4d8f-992f-c3dbceff85d5", "fields": {"auto_id": 11, "creator": 1, "updater": 1, "date_added": "2022-04-25T08:09:46.274Z", "date_updated": "2022-04-25T08:09:46.274Z", "is_deleted": true, "category": "41b065ce-2769-4d86-a2f9-883db39a961a", "product_type": "t_shirt", "name": "Cafe Bridge", "short_description": "These sleeves are slightly longer than the cap sleeves and normally extend to the elbow or just above the elbow.", "description": "Short sleeves are often called 'regular sleeves' when it comes to t-shirts, since it is arguably the most popular for both men and women.", "featured_image": "product/product_cover/t-shirt_LhyIIb1.jpeg", "mrp": "1100.00", "price": "1050.00", "cash_on_delivery": false, "current_rating": "0.00", "meta_keywords": ["5e54a593-5ce8-4ab5-a896-4a94421cbf19"], "delivery_locations": ["0322b91a-359e-4e01-a1c5-9f79d11161f8"]}}, {"model": "product.product", "pk": "baac4d8c-01ca-4711-a253-d847f1ccbe86", "fields": {"auto_id": 35, "creator": 1, "updater": 1, "date_added": "2022-04-25T10:05:37.848Z", "date_updated": "2022-04-25T10:05:37.848Z", "is_deleted": true, "category": "41b065ce-2769-4d86-a2f9-883db39a961a", "product_type": "shirt", "name": "HERE&NOW", "short_description": "Men White Colourblocked Tshirt", "description": "Smart and fashionable, this T-shirt is sure to become your favourite in no time. Crafted with a smart colourblocked pattern and cool polo collar, this T-shirt is sure to stand apart. \r\nWhite shade\r\nColourblocked pattern\r\nPolo collar\r\nShort regular sleeves\r\nCotton, machine wash", "featured_image": "product/product_cover/vlackw.jpeg", "mrp": "1599.00", "price": "799.00", "cash_on_delivery": false, "current_rating": "0.00", "meta_keywords": ["5e54a593-5ce8-4ab5-a896-4a94421cbf19"], "delivery_locations": ["38039608-8147-480e-98f1-696bffea9b06", "e2be007b-064c-40ff-a5c4-afb000f968e2"]}}, {"model": "product.product", "pk": "bcd75c82-acf0-486f-b3e4-5d107d757fc0", "fields": {"auto_id": 17, "creator": 1, "updater": 1, "date_added": "2022-04-25T09:11:15.952Z", "date_updated": "2022-04-25T09:11:15.952Z", "is_deleted": true, "category": "48acec67-d2e7-4083-b69e-8cd908f6a71b", "product_type": "boxer", "name": "Colourblock", "short_description": "100% Cotton Regular Fit Machine wash Product Code: 461418144002", "description": "A sleeveless shirt is a shirt manufactured without sleeves, or whose sleeves have been cut off. Depending on the style, they can be worn as undershirts, worn by athletes in sports such as track and field and triathlon, or as casual wear.", "featured_image": "product/product_cover/bib1_kjgvIdC.jpeg", "mrp": "700.00", "price": "699.00", "cash_on_delivery": false, "current_rating": "0.00", "meta_keywords": ["5e54a593-5ce8-4ab5-a896-4a94421cbf19"], "delivery_locations": ["e2be007b-064c-40ff-a5c4-afb000f968e2"]}}, {"model": "product.product", "pk": "be1a7427-b341-4e34-8d95-789d0d437f2a", "fields": {"auto_id": 36, "creator": 1, "updater": 1, "date_added": "2022-04-25T10:05:40.493Z", "date_updated": "2022-05-04T10:18:16.321Z", "is_deleted": false, "category": "41b065ce-2769-4d86-a2f9-883db39a961a", "product_type": "shirt", "name": "HERE&NOW", "short_description": "Men White Colourblocked Tshirt", "description": "Smart and fashionable, this T-shirt is sure to become your favourite in no time. Crafted with a smart colourblocked pattern and cool polo collar, this T-shirt is sure to stand apart. \r\nWhite shade\r\nColourblocked pattern\r\nPolo collar\r\nShort regular sleeves\r\nCotton, machine wash", "featured_image": "product/product_cover/vlackw_MXuenbz.jpeg", "mrp": "1599.00", "price": "799.00", "cash_on_delivery": false, "current_rating": "0.00", "meta_keywords": ["5e54a593-5ce8-4ab5-a896-4a94421cbf19"], "delivery_locations": ["38039608-8147-480e-98f1-696bffea9b06", "e2be007b-064c-40ff-a5c4-afb000f968e2"]}}, {"model": "product.product", "pk": "be45714a-ac70-4b65-ab9a-22237c044dcf", "fields": {"auto_id": 27, "creator": 1, "updater": 1, "date_added": "2022-04-25T09:52:47.871Z", "date_updated": "2022-04-25T09:52:47.871Z", "is_deleted": true, "category": "41b065ce-2769-4d86-a2f9-883db39a961a", "product_type": "t_shirt", "name": "Neo-Cool Cotton Tank Tops", "short_description": "Made with 100% Combed Cotton", "description": "machine wash gently. Don’t use bleach\r\nLine dry in shade\r\nDo not iron on print or dry clean", "featured_image": "product/product_cover/ts1_mGcGbbU.jpeg", "mrp": "700.00", "price": "599.00", "cash_on_delivery": false, "current_rating": "0.00", "meta_keywords": ["5e54a593-5ce8-4ab5-a896-4a94421cbf19"], "delivery_locations": ["38039608-8147-480e-98f1-696bffea9b06", "e2be007b-064c-40ff-a5c4-afb000f968e2"]}}, {"model": "product.product", "pk": "c0ca7197-d531-498b-8988-18a3b2eccc5e", "fields": {"auto_id": 10, "creator": 1, "updater": 1, "date_added": "2022-04-25T08:09:10.736Z", "date_updated": "2022-04-25T08:09:10.736Z", "is_deleted": true, "category": "41b065ce-2769-4d86-a2f9-883db39a961a", "product_type": "t_shirt", "name": "Cafe Bridge", "short_description": "These sleeves are slightly longer than the cap sleeves and normally extend to the elbow or just above the elbow.", "description": "Short sleeves are often called 'regular sleeves' when it comes to t-shirts, since it is arguably the most popular for both men and women.", "featured_image": "product/product_cover/t-shirt.jpeg", "mrp": "1100.00", "price": "1050.00", "cash_on_delivery": false, "current_rating": "0.00", "meta_keywords": ["5e54a593-5ce8-4ab5-a896-4a94421cbf19"], "delivery_locations": ["0322b91a-359e-4e01-a1c5-9f79d11161f8"]}}, {"model": "product.product", "pk": "c691107d-aadb-43f5-8478-8780fdc912aa", "fields": {"auto_id": 38, "creator": 1, "updater": 1, "date_added": "2022-04-25T10:08:10.252Z", "date_updated": "2022-05-04T10:16:49.559Z", "is_deleted": false, "category": "48acec67-d2e7-4083-b69e-8cd908f6a71b", "product_type": "t_shirt", "name": "HRX by Hrithik Roshan", "short_description": "HRX By Hrithik Roshan Women Blue Horizon Solid Rapid-Dry Antimicrobial Running Tshirt", "description": "Reach your fitness goals in style with the HRX Women's Running T-shirt. Designed with Rapid Dry and Anti Microbial technology, it fights sweat and body odour so you can stay focused on the finish line.", "featured_image": "product/product_cover/vlack7_W4R6z1M.jpeg", "mrp": "999.00", "price": "499.00", "cash_on_delivery": false, "current_rating": "0.00", "meta_keywords": ["5e54a593-5ce8-4ab5-a896-4a94421cbf19"], "delivery_locations": ["38039608-8147-480e-98f1-696bffea9b06", "e2be007b-064c-40ff-a5c4-afb000f968e2"]}}, {"model": "product.product", "pk": "ca3c1fbe-05f9-425e-8538-3ee580dab4ca", "fields": {"auto_id": 16, "creator": 1, "updater": 1, "date_added": "2022-04-25T09:11:06.920Z", "date_updated": "2022-05-04T10:52:13.662Z", "is_deleted": false, "category": "48acec67-d2e7-4083-b69e-8cd908f6a71b", "product_type": "boxer", "name": "Colourblock", "short_description": "100% Cotton Regular Fit Machine wash Product Code: 461418144002", "description": "A sleeveless shirt is a shirt manufactured without sleeves, or whose sleeves have been cut off. Depending on the style, they can be worn as undershirts, worn by athletes in sports such as track and field and triathlon, or as casual wear.", "featured_image": "product/product_cover/bib1.jpeg", "mrp": "700.00", "price": "699.00", "cash_on_delivery": false, "current_rating": "0.00", "meta_keywords": ["5e54a593-5ce8-4ab5-a896-4a94421cbf19"], "delivery_locations": ["e2be007b-064c-40ff-a5c4-afb000f968e2"]}}, {"model": "product.product", "pk": "ca881ea7-c744-46b0-b969-b9954a7deb4e", "fields": {"auto_id": 37, "creator": 1, "updater": 1, "date_added": "2022-04-25T10:08:06.880Z", "date_updated": "2022-04-25T10:08:06.880Z", "is_deleted": true, "category": "48acec67-d2e7-4083-b69e-8cd908f6a71b", "product_type": "t_shirt", "name": "HRX by Hrithik Roshan", "short_description": "HRX By Hrithik Roshan Women Blue Horizon Solid Rapid-Dry Antimicrobial Running Tshirt", "description": "Reach your fitness goals in style with the HRX Women's Running T-shirt. Designed with Rapid Dry and Anti Microbial technology, it fights sweat and body odour so you can stay focused on the finish line.", "featured_image": "product/product_cover/vlack7.jpeg", "mrp": "999.00", "price": "499.00", "cash_on_delivery": false, "current_rating": "0.00", "meta_keywords": ["5e54a593-5ce8-4ab5-a896-4a94421cbf19"], "delivery_locations": ["38039608-8147-480e-98f1-696bffea9b06", "e2be007b-064c-40ff-a5c4-afb000f968e2"]}}, {"model": "product.product", "pk": "db9292f4-b8c7-4bd8-bc84-08c15c3b4931", "fields": {"auto_id": 3, "creator": 1, "updater": 1, "date_added": "2022-04-14T10:08:34.976Z", "date_updated": "2022-04-14T10:08:34.976Z", "is_deleted": false, "category": "41b065ce-2769-4d86-a2f9-883db39a961a", "product_type": "t_shirt", "name": "FC Barcelona", "short_description": "Futbol Club Barcelona,", "description": "Futbol Club Barcelona, commonly referred to as Barcelona and colloquially known as Barça, is a professional football club based in Barcelona, Spain, that competes in La Liga, the top flight of Spanish football", "featured_image": "product/product_cover/tshirt.jpg", "mrp": "1000.00", "price": "999.00", "cash_on_delivery": false, "current_rating": "0.00", "meta_keywords": ["5e54a593-5ce8-4ab5-a896-4a94421cbf19"], "delivery_locations": ["0322b91a-359e-4e01-a1c5-9f79d11161f8"]}}, {"model": "product.product", "pk": "df9a67a7-92e4-4939-a6bd-cdf6af31c27c", "fields": {"auto_id": 21, "creator": 1, "updater": 1, "date_added": "2022-04-25T09:25:20.253Z", "date_updated": "2022-05-04T10:40:09.412Z", "is_deleted": false, "category": "41b065ce-2769-4d86-a2f9-883db39a961a", "product_type": "pant", "name": "Puma", "short_description": "100% Original Products", "description": "Sweatpants are a casual variety of soft trousers intended for comfort or athletic purposes, although they are now worn in many different situations. In the United Kingdom, Ireland, Australia, New Zealand, and South Africa they are known as tracksuit bottoms.", "featured_image": "product/product_cover/t1.jpeg", "mrp": "1999.00", "price": "1679.00", "cash_on_delivery": false, "current_rating": "0.00", "meta_keywords": ["c3fcc235-0eae-487f-aa03-7d7cbf088b79"], "delivery_locations": ["38039608-8147-480e-98f1-696bffea9b06"]}}, {"model": "product.product", "pk": "e6cebb0b-3e81-4a4f-a5a6-fd1a6c1a2d80", "fields": {"auto_id": 30, "creator": 1, "updater": 1, "date_added": "2022-04-25T10:00:06.668Z", "date_updated": "2022-05-04T10:19:43.748Z", "is_deleted": false, "category": "41b065ce-2769-4d86-a2f9-883db39a961a", "product_type": "pant", "name": "HRX by Hrithik Roshan", "short_description": "Men Blue & Charcoal Grey Colourblocked Rapid-Dry Running Tank Tshirt", "description": "Go further and faster with the HRX Men's Running T-shirt. Designed with Rapid Dry and Anti microbial technology, it wicks away sweat and keeps body odor at bay so you have nothing to think about except how you're going to set a new personal best.\r\nRapid Dry technology wicks sweat and dries fast.\r\nAnti-Microbial technology keeps odor-causing microbes away.\r\nColour: Blue\r\nFit: Regular fit", "featured_image": "product/product_cover/HRX_by_Hrithik_Roshan.jpeg", "mrp": "1900.00", "price": "1788.00", "cash_on_delivery": false, "current_rating": "0.00", "meta_keywords": ["5e54a593-5ce8-4ab5-a896-4a94421cbf19"], "delivery_locations": ["38039608-8147-480e-98f1-696bffea9b06"]}}, {"model": "product.product", "pk": "ef3ae50c-3aee-4091-b6c3-d53314be3e14", "fields": {"auto_id": 4, "creator": 1, "updater": 1, "date_added": "2022-04-14T10:27:09.698Z", "date_updated": "2022-05-04T11:09:32.030Z", "is_deleted": false, "category": "41b065ce-2769-4d86-a2f9-883db39a961a", "product_type": "t_shirt", "name": "Manchester United F.C.", "short_description": "Newton Heath LYR Football Club", "description": "Manchester United Football Club is a professional football club based in Old Trafford, Greater Manchester, England, that competes in the Premier League, the top flight of English football. Nicknamed the Red Devils,", "featured_image": "product/product_cover/blue.jpg", "mrp": "900.00", "price": "899.00", "cash_on_delivery": false, "current_rating": "0.00", "meta_keywords": ["5e54a593-5ce8-4ab5-a896-4a94421cbf19"], "delivery_locations": ["0322b91a-359e-4e01-a1c5-9f79d11161f8"]}}, {"model": "product.product", "pk": "f1c4d6c2-1214-4926-979a-44a80ea665b3", "fields": {"auto_id": 14, "creator": 1, "updater": 1, "date_added": "2022-04-25T08:57:48.427Z", "date_updated": "2022-05-04T10:55:07.951Z", "is_deleted": false, "category": "41b065ce-2769-4d86-a2f9-883db39a961a", "product_type": "t_shirt", "name": "Eyebogler", "short_description": "Color Block Men Round Neck Grey T-Shirt", "description": "Color Block Men Round Neck Grey T-Shirt", "featured_image": "product/product_cover/eyebloger.jpeg", "mrp": "677.00", "price": "670.00", "cash_on_delivery": false, "current_rating": "0.00", "meta_keywords": ["5e54a593-5ce8-4ab5-a896-4a94421cbf19"], "delivery_locations": ["38039608-8147-480e-98f1-696bffea9b06"]}}, {"model": "product.product", "pk": "f3ec0532-272c-4bdb-b55d-82fa4330e004", "fields": {"auto_id": 23, "creator": 1, "updater": 1, "date_added": "2022-04-25T09:46:41.190Z", "date_updated": "2022-05-04T10:37:08.551Z", "is_deleted": false, "category": "41b065ce-2769-4d86-a2f9-883db39a961a", "product_type": "pant", "name": "Kook N Keech Marvel Teens Boys", "short_description": "Black Printed Pure Cotton Joggers", "description": "With dryCELL moisture-wicking technology to keep you comfortable while on the move and an athletic cut line for maximum flexibility, the Evostripe Pants are the perfect training companion.\r\nBe prepared for peak performance all while looking your best.", "featured_image": "product/product_cover/t3.jpeg", "mrp": "1789.00", "price": "1700.00", "cash_on_delivery": false, "current_rating": "0.00", "meta_keywords": ["c3fcc235-0eae-487f-aa03-7d7cbf088b79"], "delivery_locations": ["38039608-8147-480e-98f1-696bffea9b06"]}}, {"model": "product.productsizechart", "pk": "25f41fda-a5ab-4eaa-bcd9-15a1e12d3b53", "fields": {"brand_size": "xxl", "size": 42, "Product_type": "t_shirt", "waist": "42.0", "rise": "42.0", "thigh": "42.0", "inseam": "42.0", "outseam": "42.0", "bottom_hem": "24.0", "chest": "42.0", "front_length": "42.0", "across_sholder": "42.0", "sleeve_length": "42.0", "is_deleted": false}}, {"model": "product.productsizechart", "pk": "51f21556-0018-4c37-9b5b-974ac9ae1e03", "fields": {"brand_size": "xl", "size": 40, "Product_type": "", "waist": "42.0", "rise": "42.0", "thigh": "42.0", "inseam": "42.0", "outseam": "42.0", "bottom_hem": "42.0", "chest": "20.0", "front_length": "42.0", "across_sholder": "42.0", "sleeve_length": "42.0", "is_deleted": false}}, {"model": "product.productsizechart", "pk": "79f3f78d-6230-4034-866c-bbfdc2a278f0", "fields": {"brand_size": "xl", "size": 42, "Product_type": "t_shirt", "waist": "80.0", "rise": "34.0", "thigh": "54.0", "inseam": "76.0", "outseam": "65.0", "bottom_hem": "92.0", "chest": "42.0", "front_length": "55.0", "across_sholder": "98.0", "sleeve_length": "88.0", "is_deleted": false}}, {"model": "product.productsizechart", "pk": "8ff79e61-1797-4ce6-a8c7-94e43744a42b", "fields": {"brand_size": "xxl", "size": 42, "Product_type": "", "waist": "42.0", "rise": "42.0", "thigh": "42.0", "inseam": "42.0", "outseam": "42.0", "bottom_hem": "42.0", "chest": "42.0", "front_length": "42.0", "across_sholder": "42.0", "sleeve_length": "42.0", "is_deleted": false}}, {"model": "product.productvariant", "pk": "001c4d46-70db-407e-9a6e-a19cb50d3fdd", "fields": {"product": "f3ec0532-272c-4bdb-b55d-82fa4330e004", "size": "S", "stock": "78", "is_deleted": false, "is_default": true}}, {"model": "product.productvariant", "pk": "0076c85e-5d86-4933-b932-0b74ce109fcb", "fields": {"product": "be1a7427-b341-4e34-8d95-789d0d437f2a", "size": "S", "stock": "56", "is_deleted": false, "is_default": true}}, {"model": "product.productvariant", "pk": "100fa4ab-d996-4f9e-877d-c10a098bd648", "fields": {"product": "34b89065-39b6-479c-8395-53a4d9c95ebf", "size": "L", "stock": "77", "is_deleted": false, "is_default": true}}, {"model": "product.productvariant", "pk": "123f2293-8546-4d9a-963a-286d4fa6926b", "fields": {"product": "baac4d8c-01ca-4711-a253-d847f1ccbe86", "size": "S", "stock": "56", "is_deleted": false, "is_default": true}}, {"model": "product.productvariant", "pk": "17472018-be95-4d88-be68-b8596c778438", "fields": {"product": "99f515ea-6494-46d0-9f0e-6d31fb887f7a", "size": "L", "stock": "10", "is_deleted": false, "is_default": false}}, {"model": "product.productvariant", "pk": "19536a7d-7460-44df-b5a5-cd4010fffe5d", "fields": {"product": "ca881ea7-c744-46b0-b969-b9954a7deb4e", "size": "L", "stock": "76", "is_deleted": false, "is_default": false}}, {"model": "product.productvariant", "pk": "1957ca68-7562-4813-99cb-a10f79557f3d", "fields": {"product": "df9a67a7-92e4-4939-a6bd-cdf6af31c27c", "size": "L", "stock": "56", "is_deleted": false, "is_default": false}}, {"model": "product.productvariant", "pk": "1baea801-a614-4e88-9fbe-14d15610b8ab", "fields": {"product": "db9292f4-b8c7-4bd8-bc84-08c15c3b4931", "size": "M", "stock": "20", "is_deleted": false, "is_default": false}}, {"model": "product.productvariant", "pk": "1d756865-ebed-4330-9d92-8985ceb45e12", "fields": {"product": "7e8fec1d-4e5d-424b-8427-02ca7c4188c3", "size": "S", "stock": "43", "is_deleted": false, "is_default": true}}, {"model": "product.productvariant", "pk": "1e737bf0-b363-4184-a91b-0eee31532529", "fields": {"product": "9f053f1a-7235-40fd-8517-0a441ab97ea8", "size": "L", "stock": "799", "is_deleted": false, "is_default": true}}, {"model": "product.productvariant", "pk": "20b97e88-f17c-44c9-92e5-1dd4c0a6ce70", "fields": {"product": "5f119727-fbcb-405e-af92-0f73de362b99", "size": "M", "stock": "50", "is_deleted": false, "is_default": false}}, {"model": "product.productvariant", "pk": "23615ba4-4998-496b-9255-df04eb9ce476", "fields": {"product": "10299418-75a2-4858-a403-292e830e88a2", "size": "S", "stock": "67", "is_deleted": false, "is_default": true}}, {"model": "product.productvariant", "pk": "237cb04c-dfc4-4af1-8eae-7b7994ccaa99", "fields": {"product": "a75abcbb-9196-4e55-a498-58f1673478cf", "size": "L", "stock": "50", "is_deleted": false, "is_default": false}}, {"model": "product.productvariant", "pk": "2b6cd69b-7493-4827-aff0-e06575af624e", "fields": {"product": "7b0b6006-c6a5-444d-8734-fbd8a10be9c6", "size": "M", "stock": "44", "is_deleted": false, "is_default": true}}, {"model": "product.productvariant", "pk": "2cc2056f-62e9-4dcf-b340-546d04704b87", "fields": {"product": "df9a67a7-92e4-4939-a6bd-cdf6af31c27c", "size": "S", "stock": "65", "is_deleted": false, "is_default": true}}, {"model": "product.productvariant", "pk": "32f2e3d2-4ce1-4da5-a3a3-f0eecd66f8b1", "fields": {"product": "f3ec0532-272c-4bdb-b55d-82fa4330e004", "size": "L", "stock": "87", "is_deleted": false, "is_default": false}}, {"model": "product.productvariant", "pk": "3c2f6a5d-5934-467c-b508-1730500ec9e9", "fields": {"product": "be45714a-ac70-4b65-ab9a-22237c044dcf", "size": "L", "stock": "40", "is_deleted": false, "is_default": true}}, {"model": "product.productvariant", "pk": "4126b2e8-b4ed-4f26-9cc8-4487fb1ded1e", "fields": {"product": "e6cebb0b-3e81-4a4f-a5a6-fd1a6c1a2d80", "size": "S", "stock": "65", "is_deleted": false, "is_default": true}}, {"model": "product.productvariant", "pk": "43cdef83-e833-4ea0-86e1-bacf3b5b7059", "fields": {"product": "ef3ae50c-3aee-4091-b6c3-d53314be3e14", "size": "XXL", "stock": "20", "is_deleted": false, "is_default": false}}, {"model": "product.productvariant", "pk": "4d7df46d-cd02-4e30-b446-fdbd346689f7", "fields": {"product": "3aab6737-61c7-42ca-8006-9cba9bde4e9f", "size": "M", "stock": "49", "is_deleted": false, "is_default": true}}, {"model": "product.productvariant", "pk": "518e53c9-c9fa-433d-a350-c592e8a25aab", "fields": {"product": "3aab6737-61c7-42ca-8006-9cba9bde4e9f", "size": "S", "stock": "50", "is_deleted": false, "is_default": false}}, {"model": "product.productvariant", "pk": "5f619b8e-b615-4802-a08e-af5c699e20db", "fields": {"product": "be45714a-ac70-4b65-ab9a-22237c044dcf", "size": "XL", "stock": "50", "is_deleted": false, "is_default": false}}, {"model": "product.productvariant", "pk": "61181286-cc7a-4d2a-abe6-52c32cb684ea", "fields": {"product": "5f119727-fbcb-405e-af92-0f73de362b99", "size": "S", "stock": "80", "is_deleted": false, "is_default": false}}, {"model": "product.productvariant", "pk": "66e45efd-a440-4fa9-8935-df4069bd6b98", "fields": {"product": "a67b4f6f-146d-4455-af8e-fe9676ed476b", "size": "L", "stock": "40", "is_deleted": false, "is_default": false}}, {"model": "product.productvariant", "pk": "6edfb63a-6d56-4467-a507-b08bccb911d2", "fields": {"product": "7e8fec1d-4e5d-424b-8427-02ca7c4188c3", "size": "L", "stock": "56", "is_deleted": false, "is_default": false}}, {"model": "product.productvariant", "pk": "6f5f0187-81b2-4828-ba20-de731b840f40", "fields": {"product": "ca3c1fbe-05f9-425e-8538-3ee580dab4ca", "size": "L", "stock": "60", "is_deleted": false, "is_default": false}}, {"model": "product.productvariant", "pk": "71013dda-56ac-4401-b6fa-bea7bd2ec6eb", "fields": {"product": "326dbc67-654c-4466-8a30-b68fdb274cf5", "size": "XL", "stock": "34", "is_deleted": false, "is_default": false}}, {"model": "product.productvariant", "pk": "78af1b2d-dcfd-425b-8534-09f49e7964ae", "fields": {"product": "04f71a23-9920-41cf-82cb-daaa96a06dec", "size": "s", "stock": "20", "is_deleted": false, "is_default": true}}, {"model": "product.productvariant", "pk": "797d9d26-3038-435a-89d2-aef1c9a8f1b2", "fields": {"product": "bcd75c82-acf0-486f-b3e4-5d107d757fc0", "size": "L", "stock": "60", "is_deleted": false, "is_default": false}}, {"model": "product.productvariant", "pk": "7a10a2a2-05e6-4e8c-87aa-1f29b753c686", "fields": {"product": "be1a7427-b341-4e34-8d95-789d0d437f2a", "size": "L", "stock": "34", "is_deleted": false, "is_default": false}}, {"model": "product.productvariant", "pk": "7b7002d8-f371-45a5-95fc-d221d9baa660", "fields": {"product": "2df2fddc-a270-48df-bbce-c0e81ff20970", "size": "L", "stock": "20", "is_deleted": false, "is_default": true}}, {"model": "product.productvariant", "pk": "7c305403-66e8-4e76-b6e8-272d480e9aab", "fields": {"product": "99f515ea-6494-46d0-9f0e-6d31fb887f7a", "size": "M", "stock": "10", "is_deleted": false, "is_default": true}}, {"model": "product.productvariant", "pk": "7d021dcf-8fc6-4271-9a98-40c5dbf29877", "fields": {"product": "f1c4d6c2-1214-4926-979a-44a80ea665b3", "size": "L", "stock": "480", "is_deleted": false, "is_default": false}}, {"model": "product.productvariant", "pk": "832a164c-460f-43e0-80d9-81531096df54", "fields": {"product": "903760a2-3806-4abe-bd4f-24c1c309faa2", "size": "S", "stock": "65", "is_deleted": false, "is_default": false}}, {"model": "product.productvariant", "pk": "8431bf54-9dd3-4c6b-9642-af8f5c12bdd9", "fields": {"product": "43e17f21-79c1-440e-a33c-aa18d887cbe5", "size": "L", "stock": "50", "is_deleted": false, "is_default": false}}, {"model": "product.productvariant", "pk": "88305077-9d76-4f45-b2a9-8454ae11a382", "fields": {"product": "a75abcbb-9196-4e55-a498-58f1673478cf", "size": "M", "stock": "20", "is_deleted": false, "is_default": true}}, {"model": "product.productvariant", "pk": "89deba39-7c44-48fa-b1cb-9c0328f334d5", "fields": {"product": "ef3ae50c-3aee-4091-b6c3-d53314be3e14", "size": "XL", "stock": "20", "is_deleted": false, "is_default": true}}, {"model": "product.productvariant", "pk": "8a49cc3a-8379-4c40-a3c6-796acf396984", "fields": {"product": "04f71a23-9920-41cf-82cb-daaa96a06dec", "size": "L", "stock": "20", "is_deleted": false, "is_default": false}}, {"model": "product.productvariant", "pk": "8bc57b99-881f-4e65-a858-e9c99ebbb8d5", "fields": {"product": "ca881ea7-c744-46b0-b969-b9954a7deb4e", "size": "M", "stock": "67", "is_deleted": false, "is_default": true}}, {"model": "product.productvariant", "pk": "90f9a7d2-dac9-4031-b24c-3ad99dfbf00d", "fields": {"product": "c691107d-aadb-43f5-8478-8780fdc912aa", "size": "L", "stock": "76", "is_deleted": false, "is_default": false}}, {"model": "product.productvariant", "pk": "94e9764d-2468-446c-bcee-9d2e6c10cfd5", "fields": {"product": "6c34ecb5-b450-4aac-9239-8598178e1717", "size": "S", "stock": "56", "is_deleted": false, "is_default": true}}, {"model": "product.productvariant", "pk": "96dec720-c5dc-4356-84fc-fe0ce4926a4b", "fields": {"product": "374fe6fc-1d66-45cb-a4b3-1cf6931c5158", "size": "l", "stock": "10", "is_deleted": false, "is_default": false}}, {"model": "product.productvariant", "pk": "a2886fee-41c0-4088-b83c-e9e81734de42", "fields": {"product": "a67b4f6f-146d-4455-af8e-fe9676ed476b", "size": "S", "stock": "20", "is_deleted": false, "is_default": true}}, {"model": "product.productvariant", "pk": "a50e3104-7cea-4ae2-9416-bf1a603a7097", "fields": {"product": "9f053f1a-7235-40fd-8517-0a441ab97ea8", "size": "M", "stock": "800", "is_deleted": false, "is_default": false}}, {"model": "product.productvariant", "pk": "a7bf4307-ad53-489e-83d8-f4d4e4990315", "fields": {"product": "aa727586-1c6b-497e-be10-9b774d9345d2", "size": "S", "stock": "23", "is_deleted": false, "is_default": true}}, {"model": "product.productvariant", "pk": "a9d3ccbb-98a1-4133-93b4-22f856933e16", "fields": {"product": "374fe6fc-1d66-45cb-a4b3-1cf6931c5158", "size": "m", "stock": "10", "is_deleted": false, "is_default": true}}, {"model": "product.productvariant", "pk": "aca0e080-542c-4345-81cd-895e330e7234", "fields": {"product": "baac4d8c-01ca-4711-a253-d847f1ccbe86", "size": "L", "stock": "34", "is_deleted": false, "is_default": false}}, {"model": "product.productvariant", "pk": "ad4840df-c37d-40f7-9326-d906c5831f60", "fields": {"product": "2df2fddc-a270-48df-bbce-c0e81ff20970", "size": "M", "stock": "19", "is_deleted": false, "is_default": false}}, {"model": "product.productvariant", "pk": "b3c1238d-be2a-487e-b350-58b7b26d5632", "fields": {"product": "34b89065-39b6-479c-8395-53a4d9c95ebf", "size": "S", "stock": "56", "is_deleted": false, "is_default": false}}, {"model": "product.productvariant", "pk": "b563edff-f697-422d-ab67-0d384fca1324", "fields": {"product": "db9292f4-b8c7-4bd8-bc84-08c15c3b4931", "size": "S", "stock": "8", "is_deleted": false, "is_default": true}}, {"model": "product.productvariant", "pk": "b79b98b9-9771-4b71-895c-8f832219f5d8", "fields": {"product": "87461ca1-d66f-4216-94d6-a69de8881690", "size": "S", "stock": "52", "is_deleted": false, "is_default": true}}, {"model": "product.productvariant", "pk": "b8fcfdd1-8af0-4777-84ff-018b55f9cb97", "fields": {"product": "12c0a8e2-2ef8-4c6c-8b21-adb117de2bdf", "size": "L", "stock": "77", "is_deleted": false, "is_default": true}}, {"model": "product.productvariant", "pk": "ba661dc4-342d-4f12-a224-3bd0632e1562", "fields": {"product": "7b0b6006-c6a5-444d-8734-fbd8a10be9c6", "size": "XL", "stock": "65", "is_deleted": false, "is_default": false}}, {"model": "product.productvariant", "pk": "c9c51120-45ad-48c8-ac38-142808896144", "fields": {"product": "326dbc67-654c-4466-8a30-b68fdb274cf5", "size": "S", "stock": "67", "is_deleted": false, "is_default": true}}, {"model": "product.productvariant", "pk": "d24f69f4-92b6-4b41-a12d-421da508b65b", "fields": {"product": "b2ef27cc-fc77-4d8f-992f-c3dbceff85d5", "size": "M", "stock": "100", "is_deleted": false, "is_default": true}}, {"model": "product.productvariant", "pk": "d2bf831d-dfd6-4f2b-8680-af7a4c521ce2", "fields": {"product": "c0ca7197-d531-498b-8988-18a3b2eccc5e", "size": "L", "stock": "50", "is_deleted": false, "is_default": false}}, {"model": "product.productvariant", "pk": "d5aa510b-03bb-4215-a486-82428cf4f1eb", "fields": {"product": "903760a2-3806-4abe-bd4f-24c1c309faa2", "size": "L", "stock": "78", "is_deleted": false, "is_default": true}}, {"model": "product.productvariant", "pk": "da005b70-036c-4427-be90-9f81c32f4c8e", "fields": {"product": "e6cebb0b-3e81-4a4f-a5a6-fd1a6c1a2d80", "size": "L", "stock": "67", "is_deleted": false, "is_default": false}}, {"model": "product.productvariant", "pk": "dd21c319-8584-4232-9133-8d3ee0b95aac", "fields": {"product": "43e17f21-79c1-440e-a33c-aa18d887cbe5", "size": "M", "stock": "20", "is_deleted": false, "is_default": true}}, {"model": "product.productvariant", "pk": "e0371c4a-b10d-43d4-95aa-cb854b539421", "fields": {"product": "c691107d-aadb-43f5-8478-8780fdc912aa", "size": "M", "stock": "67", "is_deleted": false, "is_default": true}}, {"model": "product.productvariant", "pk": "e2181910-3cb7-4b67-9d8a-d7f3d1dd95bf", "fields": {"product": "419591eb-2e51-42d8-84d7-a1903a20dd23", "size": "L", "stock": "40", "is_deleted": false, "is_default": true}}, {"model": "product.productvariant", "pk": "e6e3b394-a997-4a52-a73d-2b890fce3024", "fields": {"product": "87461ca1-d66f-4216-94d6-a69de8881690", "size": "L", "stock": "52", "is_deleted": false, "is_default": false}}, {"model": "product.productvariant", "pk": "ecf08e7c-2344-4165-b79a-9440bf15ffc8", "fields": {"product": "bcd75c82-acf0-486f-b3e4-5d107d757fc0", "size": "M", "stock": "20", "is_deleted": false, "is_default": true}}, {"model": "product.productvariant", "pk": "ee9478a7-4f37-421b-b34d-0fdbe02fbc4a", "fields": {"product": "3dec33ff-a9c9-4b2f-889e-03a82b1974e0", "size": "S", "stock": "33", "is_deleted": false, "is_default": false}}, {"model": "product.productvariant", "pk": "ef493ae0-3273-4f71-96d8-0bcedaf1c6f4", "fields": {"product": "6c34ecb5-b450-4aac-9239-8598178e1717", "size": "L", "stock": "56", "is_deleted": false, "is_default": false}}, {"model": "product.productvariant", "pk": "f247cd7a-92f3-4ece-83a4-49766aecd9e8", "fields": {"product": "f1c4d6c2-1214-4926-979a-44a80ea665b3", "size": "M", "stock": "500", "is_deleted": false, "is_default": true}}, {"model": "product.productvariant", "pk": "f2bf3783-a441-44e8-af0e-5dcb101e4a18", "fields": {"product": "12c0a8e2-2ef8-4c6c-8b21-adb117de2bdf", "size": "S", "stock": "56", "is_deleted": false, "is_default": false}}, {"model": "product.productvariant", "pk": "f9412246-5d56-4764-8c0d-e99aefb18c22", "fields": {"product": "c0ca7197-d531-498b-8988-18a3b2eccc5e", "size": "M", "stock": "100", "is_deleted": false, "is_default": true}}, {"model": "product.productvariant", "pk": "faeb2419-c898-4b2f-8a0f-1aa5ac60c86e", "fields": {"product": "3dec33ff-a9c9-4b2f-889e-03a82b1974e0", "size": "M", "stock": "63", "is_deleted": false, "is_default": true}}, {"model": "product.productvariant", "pk": "fb1e5140-eaf3-4f56-8801-fc77a1ccd557", "fields": {"product": "10299418-75a2-4858-a403-292e830e88a2", "size": "XL", "stock": "34", "is_deleted": false, "is_default": false}}, {"model": "product.productvariant", "pk": "fb793c53-493d-456a-9cdd-8af926255686", "fields": {"product": "b2ef27cc-fc77-4d8f-992f-c3dbceff85d5", "size": "L", "stock": "50", "is_deleted": false, "is_default": false}}, {"model": "product.productvariant", "pk": "fd457aab-a611-4bfd-bc58-c677006872b6", "fields": {"product": "ca3c1fbe-05f9-425e-8538-3ee580dab4ca", "size": "M", "stock": "20", "is_deleted": false, "is_default": true}}, {"model": "product.productvariant", "pk": "fe91eb55-5c27-439f-87ce-7a51db145134", "fields": {"product": "419591eb-2e51-42d8-84d7-a1903a20dd23", "size": "XL", "stock": "50", "is_deleted": false, "is_default": false}}, {"model": "product.productimage", "pk": "0015be2b-ddf1-4b5b-9d4f-ddbd2e5f851f", "fields": {"auto_id": 25, "creator": 1, "updater": 1, "date_added": "2022-05-04T10:34:07.504Z", "date_updated": "2022-05-04T10:34:07.504Z", "is_deleted": false, "product": "aa727586-1c6b-497e-be10-9b774d9345d2", "image": "product/product_carousel/tp1.jpg"}}, {"model": "product.productimage", "pk": "09b3a0b9-ceac-4777-ba08-13cc49f7deee", "fields": {"auto_id": 14, "creator": 1, "updater": 1, "date_added": "2022-05-04T10:11:39.627Z", "date_updated": "2022-05-04T10:11:39.627Z", "is_deleted": false, "product": "87461ca1-d66f-4216-94d6-a69de8881690", "image": "product/product_carousel/j2.jpg"}}, {"model": "product.productimage", "pk": "11bb863e-baa5-467f-bd13-b95d0de8e3a8", "fields": {"auto_id": 26, "creator": 1, "updater": 1, "date_added": "2022-05-04T10:34:07.513Z", "date_updated": "2022-05-04T10:34:07.513Z", "is_deleted": false, "product": "aa727586-1c6b-497e-be10-9b774d9345d2", "image": "product/product_carousel/tp2.jpg"}}, {"model": "product.productimage", "pk": "2a19954b-b951-401f-9b9c-85c1bf3e6896", "fields": {"auto_id": 37, "creator": 1, "updater": 1, "date_added": "2022-05-04T10:52:13.683Z", "date_updated": "2022-05-04T10:52:13.683Z", "is_deleted": false, "product": "ca3c1fbe-05f9-425e-8538-3ee580dab4ca", "image": "product/product_carousel/sleave.jpg"}}, {"model": "product.productimage", "pk": "32fdec65-92fe-41ff-871e-1f91eef2c8e5", "fields": {"auto_id": 27, "creator": 1, "updater": 1, "date_added": "2022-05-04T10:36:28.606Z", "date_updated": "2022-05-04T10:36:28.606Z", "is_deleted": false, "product": "903760a2-3806-4abe-bd4f-24c1c309faa2", "image": "product/product_carousel/sw.jpg"}}, {"model": "product.productimage", "pk": "34eb1e77-bd8c-4a1d-b613-0f455a783387", "fields": {"auto_id": 33, "creator": 1, "updater": 1, "date_added": "2022-05-04T10:40:09.428Z", "date_updated": "2022-05-04T10:40:09.428Z", "is_deleted": false, "product": "df9a67a7-92e4-4939-a6bd-cdf6af31c27c", "image": "product/product_carousel/sw12_XtuJHRg.jpg"}}, {"model": "product.productimage", "pk": "3756bf04-cf45-4755-aed8-569a97111070", "fields": {"auto_id": 44, "creator": 1, "updater": 1, "date_added": "2022-05-04T11:08:04.868Z", "date_updated": "2022-05-04T11:08:04.868Z", "is_deleted": false, "product": "2df2fddc-a270-48df-bbce-c0e81ff20970", "image": "product/product_carousel/u3.jpg"}}, {"model": "product.productimage", "pk": "380ef48d-bd05-4fd2-8bb4-3b17dc5dbf67", "fields": {"auto_id": 11, "creator": 1, "updater": 1, "date_added": "2022-04-18T03:24:19.420Z", "date_updated": "2022-04-18T03:24:19.420Z", "is_deleted": false, "product": "99f515ea-6494-46d0-9f0e-6d31fb887f7a", "image": "product/product_carousel/Screenshot_20220321-190459.png"}}, {"model": "product.productimage", "pk": "3adab83f-16b0-4844-a909-de1e78c5034d", "fields": {"auto_id": 35, "creator": 1, "updater": 1, "date_added": "2022-05-04T10:42:21.119Z", "date_updated": "2022-05-04T10:42:21.119Z", "is_deleted": false, "product": "7b0b6006-c6a5-444d-8734-fbd8a10be9c6", "image": "product/product_carousel/y3.jpg"}}, {"model": "product.productimage", "pk": "3db7190c-ea6e-46b5-9e3b-fa5652153e43", "fields": {"auto_id": 24, "creator": 1, "updater": 1, "date_added": "2022-05-04T10:28:29.000Z", "date_updated": "2022-05-04T10:28:29.000Z", "is_deleted": false, "product": "419591eb-2e51-42d8-84d7-a1903a20dd23", "image": "product/product_carousel/b2.jpg"}}, {"model": "product.productimage", "pk": "4412c67f-e77e-4323-86c6-112cc885cec1", "fields": {"auto_id": 8, "creator": 1, "updater": 1, "date_added": "2022-04-14T10:31:24.556Z", "date_updated": "2022-05-04T11:08:04.862Z", "is_deleted": false, "product": "2df2fddc-a270-48df-bbce-c0e81ff20970", "image": "product/product_carousel/blu.jpg"}}, {"model": "product.productimage", "pk": "512c246d-1d30-4f6c-8314-81c8a26acf72", "fields": {"auto_id": 43, "creator": 1, "updater": 1, "date_added": "2022-05-04T10:58:35.734Z", "date_updated": "2022-05-04T10:58:35.734Z", "is_deleted": false, "product": "43e17f21-79c1-440e-a33c-aa18d887cbe5", "image": "product/product_carousel/ash_BFX22IR.jpg"}}, {"model": "product.productimage", "pk": "56637d2d-95d1-4951-886d-81cba0cc565d", "fields": {"auto_id": 31, "creator": 1, "updater": 1, "date_added": "2022-05-04T10:38:18.494Z", "date_updated": "2022-05-04T10:38:18.494Z", "is_deleted": false, "product": "7e8fec1d-4e5d-424b-8427-02ca7c4188c3", "image": "product/product_carousel/sw11.jpg"}}, {"model": "product.productimage", "pk": "56758687-7aae-461d-a5c4-476e16a95103", "fields": {"auto_id": 39, "creator": 1, "updater": 1, "date_added": "2022-05-04T10:54:44.086Z", "date_updated": "2022-05-04T10:54:44.086Z", "is_deleted": false, "product": "9f053f1a-7235-40fd-8517-0a441ab97ea8", "image": "product/product_carousel/ash.jpg"}}, {"model": "product.productimage", "pk": "57c07df5-211c-4940-b9f3-a54f5dc5073d", "fields": {"auto_id": 16, "creator": 1, "updater": 1, "date_added": "2022-05-04T10:18:16.356Z", "date_updated": "2022-05-04T10:18:16.356Z", "is_deleted": false, "product": "be1a7427-b341-4e34-8d95-789d0d437f2a", "image": "product/product_carousel/t1.jpg"}}, {"model": "product.productimage", "pk": "5f8b24d9-d0cc-47c8-8617-c2b100d5ddd1", "fields": {"auto_id": 7, "creator": 1, "updater": 1, "date_added": "2022-04-14T10:27:09.708Z", "date_updated": "2022-05-04T11:09:32.053Z", "is_deleted": false, "product": "ef3ae50c-3aee-4091-b6c3-d53314be3e14", "image": "product/product_carousel/Manchestwe.jpg"}}, {"model": "product.productimage", "pk": "6402d2e3-c134-42a7-9a54-65a8c3fd5ac0", "fields": {"auto_id": 32, "creator": 1, "updater": 1, "date_added": "2022-05-04T10:38:18.503Z", "date_updated": "2022-05-04T10:38:18.504Z", "is_deleted": false, "product": "7e8fec1d-4e5d-424b-8427-02ca7c4188c3", "image": "product/product_carousel/sw12.jpg"}}, {"model": "product.productimage", "pk": "674965bd-7f2e-4822-a966-48b0a74698ec", "fields": {"auto_id": 36, "creator": 1, "updater": 1, "date_added": "2022-05-04T10:42:21.125Z", "date_updated": "2022-05-04T10:42:21.126Z", "is_deleted": false, "product": "7b0b6006-c6a5-444d-8734-fbd8a10be9c6", "image": "product/product_carousel/y4.jpg"}}, {"model": "product.productimage", "pk": "6b541a15-bdfd-4a21-a8aa-08add01adf68", "fields": {"auto_id": 19, "creator": 1, "updater": 1, "date_added": "2022-05-04T10:22:57.875Z", "date_updated": "2022-05-04T10:22:57.875Z", "is_deleted": false, "product": "6c34ecb5-b450-4aac-9239-8598178e1717", "image": "product/product_carousel/h1.jpg"}}, {"model": "product.productimage", "pk": "6d404a6e-617e-47b8-83d9-64347f4244f6", "fields": {"auto_id": 28, "creator": 1, "updater": 1, "date_added": "2022-05-04T10:36:28.614Z", "date_updated": "2022-05-04T10:36:28.614Z", "is_deleted": false, "product": "903760a2-3806-4abe-bd4f-24c1c309faa2", "image": "product/product_carousel/sw1.jpg"}}, {"model": "product.productimage", "pk": "7605ef25-49e6-4fde-9e5d-8e4b1667d4e8", "fields": {"auto_id": 22, "creator": 1, "updater": 1, "date_added": "2022-05-04T10:25:59.861Z", "date_updated": "2022-05-04T10:25:59.861Z", "is_deleted": false, "product": "a67b4f6f-146d-4455-af8e-fe9676ed476b", "image": "product/product_carousel/y2.jpg"}}, {"model": "product.productimage", "pk": "7661abbd-d203-427e-b84b-cf589a554695", "fields": {"auto_id": 34, "creator": 1, "updater": 1, "date_added": "2022-05-04T10:40:09.437Z", "date_updated": "2022-05-04T10:40:09.437Z", "is_deleted": false, "product": "df9a67a7-92e4-4939-a6bd-cdf6af31c27c", "image": "product/product_carousel/sw15.jpg"}}, {"model": "product.productimage", "pk": "7872e7c3-7877-432c-a397-b3273b4c0368", "fields": {"auto_id": 13, "creator": 1, "updater": 1, "date_added": "2022-05-04T10:11:39.617Z", "date_updated": "2022-05-04T10:11:39.617Z", "is_deleted": false, "product": "87461ca1-d66f-4216-94d6-a69de8881690", "image": "product/product_carousel/j1.jpg"}}, {"model": "product.productimage", "pk": "838d4f15-f741-4440-9693-e90590a22f09", "fields": {"auto_id": 17, "creator": 1, "updater": 1, "date_added": "2022-05-04T10:19:10.809Z", "date_updated": "2022-05-04T10:19:10.809Z", "is_deleted": false, "product": "12c0a8e2-2ef8-4c6c-8b21-adb117de2bdf", "image": "product/product_carousel/w1.jpg"}}, {"model": "product.productimage", "pk": "83ca595b-7d7c-40bf-998b-5df7d1467b4e", "fields": {"auto_id": 29, "creator": 1, "updater": 1, "date_added": "2022-05-04T10:37:08.571Z", "date_updated": "2022-05-04T10:37:08.571Z", "is_deleted": false, "product": "f3ec0532-272c-4bdb-b55d-82fa4330e004", "image": "product/product_carousel/sw_6U7dLyP.jpg"}}, {"model": "product.productimage", "pk": "8b00ebae-b64c-4443-9876-31d96d6efe2e", "fields": {"auto_id": 40, "creator": 1, "updater": 1, "date_added": "2022-05-04T10:55:07.970Z", "date_updated": "2022-05-04T10:55:07.970Z", "is_deleted": false, "product": "f1c4d6c2-1214-4926-979a-44a80ea665b3", "image": "product/product_carousel/y4_koDVnHF.jpg"}}, {"model": "product.productimage", "pk": "8e0c7311-892a-4262-9517-18589c7631d6", "fields": {"auto_id": 9, "creator": 1, "updater": 1, "date_added": "2022-04-15T16:54:05.629Z", "date_updated": "2022-04-15T16:54:05.629Z", "is_deleted": false, "product": "374fe6fc-1d66-45cb-a4b3-1cf6931c5158", "image": "product/product_carousel/Screenshot_from_2022-01-21_09-39-02.png"}}, {"model": "product.productimage", "pk": "947365a6-711c-4786-a36a-0e5d671c6bb5", "fields": {"auto_id": 5, "creator": 1, "updater": 1, "date_added": "2022-04-14T10:08:34.993Z", "date_updated": "2022-04-14T10:08:34.993Z", "is_deleted": false, "product": "db9292f4-b8c7-4bd8-bc84-08c15c3b4931", "image": "product/product_carousel/tshirt.jpg"}}, {"model": "product.productimage", "pk": "a220a080-1482-47d1-8dc4-cea120f2a418", "fields": {"auto_id": 18, "creator": 1, "updater": 1, "date_added": "2022-05-04T10:19:10.816Z", "date_updated": "2022-05-04T10:19:10.816Z", "is_deleted": false, "product": "12c0a8e2-2ef8-4c6c-8b21-adb117de2bdf", "image": "product/product_carousel/w2.jpg"}}, {"model": "product.productimage", "pk": "b5886b24-cf41-42ea-b079-e07c47b82f65", "fields": {"auto_id": 42, "creator": 1, "updater": 1, "date_added": "2022-05-04T10:58:35.726Z", "date_updated": "2022-05-04T10:58:35.726Z", "is_deleted": false, "product": "43e17f21-79c1-440e-a33c-aa18d887cbe5", "image": "product/product_carousel/blue.jpg"}}, {"model": "product.productimage", "pk": "c040fd74-e8c1-423f-8fa6-c541c59fc40d", "fields": {"auto_id": 30, "creator": 1, "updater": 1, "date_added": "2022-05-04T10:37:08.578Z", "date_updated": "2022-05-04T10:37:08.578Z", "is_deleted": false, "product": "f3ec0532-272c-4bdb-b55d-82fa4330e004", "image": "product/product_carousel/sw1_iVVj4nt.jpg"}}, {"model": "product.productimage", "pk": "ce4dd9d1-08ed-4630-a350-7936041fa914", "fields": {"auto_id": 20, "creator": 1, "updater": 1, "date_added": "2022-05-04T10:22:57.884Z", "date_updated": "2022-05-04T10:22:57.884Z", "is_deleted": false, "product": "6c34ecb5-b450-4aac-9239-8598178e1717", "image": "product/product_carousel/h2.jpg"}}, {"model": "product.productimage", "pk": "d2306835-049a-4875-b934-b22eebc64ef0", "fields": {"auto_id": 23, "creator": 1, "updater": 1, "date_added": "2022-05-04T10:28:28.992Z", "date_updated": "2022-05-04T10:28:28.992Z", "is_deleted": false, "product": "419591eb-2e51-42d8-84d7-a1903a20dd23", "image": "product/product_carousel/b1.jpg"}}, {"model": "product.productimage", "pk": "d3b51215-d4cc-4b92-9b6d-b4007fdab938", "fields": {"auto_id": 21, "creator": 1, "updater": 1, "date_added": "2022-05-04T10:25:59.854Z", "date_updated": "2022-05-04T10:25:59.854Z", "is_deleted": false, "product": "a67b4f6f-146d-4455-af8e-fe9676ed476b", "image": "product/product_carousel/y1.jpg"}}, {"model": "product.productimage", "pk": "d929b658-559a-41df-8dd3-ae140f7715d0", "fields": {"auto_id": 41, "creator": 1, "updater": 1, "date_added": "2022-05-04T10:55:07.979Z", "date_updated": "2022-05-04T10:55:07.979Z", "is_deleted": false, "product": "f1c4d6c2-1214-4926-979a-44a80ea665b3", "image": "product/product_carousel/y3_ptLWskl.jpg"}}, {"model": "product.productimage", "pk": "e16c8df1-d2b5-4a18-a4d3-aa8c2f61f34d", "fields": {"auto_id": 12, "creator": 1, "updater": 1, "date_added": "2022-04-18T03:24:19.423Z", "date_updated": "2022-04-18T03:24:19.423Z", "is_deleted": false, "product": "99f515ea-6494-46d0-9f0e-6d31fb887f7a", "image": "product/product_carousel/Screenshot_20220321-190459_ye6rK9G.png"}}, {"model": "product.productimage", "pk": "ea48a72f-eb19-4639-9363-7f9320e65413", "fields": {"auto_id": 38, "creator": 1, "updater": 1, "date_added": "2022-05-04T10:52:13.693Z", "date_updated": "2022-05-04T10:52:13.693Z", "is_deleted": false, "product": "ca3c1fbe-05f9-425e-8538-3ee580dab4ca", "image": "product/product_carousel/leave.jpg"}}, {"model": "product.productimage", "pk": "efc0b13d-35a9-4020-a6cf-9fad46824238", "fields": {"auto_id": 10, "creator": 1, "updater": 1, "date_added": "2022-04-15T16:54:05.634Z", "date_updated": "2022-04-15T16:54:05.634Z", "is_deleted": false, "product": "374fe6fc-1d66-45cb-a4b3-1cf6931c5158", "image": "product/product_carousel/Screenshot_from_2022-01-21_09-39-02_T1j0RHS.png"}}, {"model": "product.productimage", "pk": "f4c0d79a-1ece-47d9-a76c-1082edf6273f", "fields": {"auto_id": 6, "creator": 1, "updater": 1, "date_added": "2022-04-14T10:08:34.996Z", "date_updated": "2022-04-14T10:08:34.996Z", "is_deleted": false, "product": "db9292f4-b8c7-4bd8-bc84-08c15c3b4931", "image": "product/product_carousel/tshirt_ngp34p9.jpg"}}, {"model": "product.productimage", "pk": "f7e131f6-09f2-4481-9b5f-b2b013e2ef22", "fields": {"auto_id": 45, "creator": 1, "updater": 1, "date_added": "2022-05-04T11:09:32.061Z", "date_updated": "2022-05-04T11:09:32.061Z", "is_deleted": false, "product": "ef3ae50c-3aee-4091-b6c3-d53314be3e14", "image": "product/product_carousel/j.jpg"}}, {"model": "product.productimage", "pk": "fc5fbd29-923e-497b-84db-866a6f92dd65", "fields": {"auto_id": 15, "creator": 1, "updater": 1, "date_added": "2022-05-04T10:18:16.348Z", "date_updated": "2022-05-04T10:18:16.348Z", "is_deleted": false, "product": "be1a7427-b341-4e34-8d95-789d0d437f2a", "image": "product/product_carousel/t2.jpg"}}, {"model": "product.sizemeasurementchart", "pk": "2fa9afe1-f4ca-4db1-b136-d8a0878c504f", "fields": {"product_type": "t_shirt", "image": "product/product_size_measurement_chart/Mishkath_-_Subject.png"}}, {"model": "product.sizemeasurementchart", "pk": "342de997-bef1-460b-b74f-4a9ebde3fc72", "fields": {"product_type": "t_shirt", "image": "product/product_size_measurement_chart/tshirt_VVqX54e.png"}}, {"model": "product.sizemeasurementchart", "pk": "7027e754-cb39-4c71-af7f-5b807ca6338b", "fields": {"product_type": "pant", "image": "product/product_size_measurement_chart/pant_EXikcDb.jpg"}}, {"model": "product.sizemeasurementchart", "pk": "888b3332-df20-42ec-9e9e-675230929583", "fields": {"product_type": "pant", "image": "product/product_size_measurement_chart/tshitr.jpg"}}, {"model": "product.sizemeasurementchart", "pk": "a9ac62d1-c0d4-461f-9947-c84b2b022d58", "fields": {"product_type": "", "image": "product/product_size_measurement_chart/pant.jpg"}}, {"model": "product.sizemeasurementchart", "pk": "ac91a5dd-9c3d-4862-989c-dc0e3c98daee", "fields": {"product_type": "t_shirt", "image": "product/product_size_measurement_chart/tshirt_Q3sMxtD.png"}}, {"model": "product.sizemeasurementchart", "pk": "ba51939d-b48a-4174-a446-f18114b31028", "fields": {"product_type": "shirt", "image": "product/product_size_measurement_chart/Mishkath_-_Dashboard__1.png"}}, {"model": "product.sizemeasurementchart", "pk": "e49eeeb6-fc8c-44f2-8119-a0c3cde86147", "fields": {"product_type": "t_shirt", "image": "product/product_size_measurement_chart/run_tym.png"}}, {"model": "product.sizemeasurementchart", "pk": "fc9908f1-ab20-4658-94fb-b24cef8e415e", "fields": {"product_type": "", "image": "product/product_size_measurement_chart/tshirt.png"}}]